no,대구 북구 대현도서관교차로
no,대구 북구 무지개공영주차
no,대구 북구 대학로13길
no,대구 북구 장미공원주차장
no,대구 북구 유림노르웨이숲
no,대구 북구 태전 새동산산부인과
no,대구 북구 노원LH아파트 후문
no,대구 북구 회전교차로
no,대구 북구 해오름식육식당 앞
no,대구 북구 학정역 효성해링텅플래에
no,대구 북구 동천동 참약국
no,대구 북구 동평초등학교사거리
no,대구 북구 학남초등학교 앞 사거리
no,대구 북구 노원동주민센터 사거리
no,대구 북구 산격동 경대북문
no,대구 북구 운암지
no,대구 북구 매천화성파크드림정문
no,대구 북구 침산 화인탑펠리스
no,대구 북구 산격대우 앞
no,대구 북구 대학로23길
no,대구 북구 대학로15길
no,대구 북구 연경 동화아이위시 앞
no,대구 북구 읍내동 동아백화점
no,대구 북구 칠성동 삼성아파트 앞
no,대구 북구 사수동 센스마트
no,대구 북구 매천시장3문
no,대구 북구 대현동 LH3단지 정문
no,대구 북구 침산동 본죽
no,대구 북구 동천동 신한은행
no,대구 북구 칠곡경대병원
no,대구 북구 노원동2가 1227
no,대구 북구 칠성동 오페라클래시아
no,대구 북구 오페라트루엘시민의숲
no,대구 북구 침산 화성파크드림
no,대구 북구 한영정형외과
no,대구 북구 거창식당 앞
no,대구 북구 관남초등학교
no,대구 북구 동변공원 사거리
no,대구 북구 서변공영주차장 사거리
no,대구 북구 구암 진성유치원 앞 삼거
no,대구 북구 대구일중학교 정문 앞
no,대구 북구 동아아울렛 뒤편
no,대구 북구 침산동 침산로21길 23
no,대구 북구 태평로 15
no,대구 북구 고성동2가 칠성남로2길
no,대구 북구 침산동 침산남로19길 6
no,대구 북구 읍내동 구암로15길 20
no,대구 북구 읍내동 구암로15길 38
no,대구 북구 읍내동 구암로15길 28
no,대구 북구 대현동 대현남로6길 20
no,대구 북구 침산동 침산로22길 31
no,대구 북구 대현동 대현로16길 21
no,대구 북구 침산동 성북로5길 75
no,대구 북구 동천동 동천로24길 12
no,대구 북구 동천동 동천로23길 18-1
no,대구 북구 동천동 동암로12길 8
no,대구 북구 동변동 동변로24길 162
no,대구 북구 칠성동2가 칠성남로30길
no,대구 북구 서변로
no,대구 북구 서변동 망월길
no,대구 북구 서변동 서변로3길 31
no,대구 북구 서변동 서변로21길
no,대구 북구 읍내동 칠곡중앙대로125
no,대구 북구 관음동 칠곡중앙대로95길
no,대구 북구 칠곡중앙대로
no,대구 북구 팔달동 매천로18길
no,대구 북구 팔달동 매천로2길
no,대구 북구 팔달로
no,대구 북구 팔달로
no,대구 북구 산격동 산 172-1
no,대구 북구 서변초등학교 후문
no,대구 북구 서변동 행운보석
no,대구 북구 관음동 관음중앙로21길
no,대구 북구 읍내동 관음중앙로29길
no,대구 북구 태전동 태암로6길 33
no,대구 북구 동천동 팔거천동로26길
no,대구 북구 서변동 호국로43길 35
no,대구 북구 서변동 호국로57길
no,대구 북구 침산동 성북로5길 8
no,대구 북구 침산동 성북로5길 18-4
no,대구 북구 태전동 구암로22길 14
no,대구 북구 읍내동 구암로21길 6
no,대구 북구 읍내동 구암로21길 26
no,대구 북구 읍내동 동암로7길 39
no,대구 북구 칠성동1가 칠성시장로7길
no,대구 북구 복현동 동북로49길 10
no,대구 북구 산격동 동북로31길 30
no,대구 북구 남다른 감자탕
no,대구 북구 복현초등학교
no,대구 북구 칠성동2가 칠성남로26길
no,대구 북구 산격동 연암로32길 28
no,대구 북구 산격동 연암로31길 2-1
no,대구 북구 침산동 옥산로17길 21
no,대구 북구 동천동 팔거천동로24길
no,대구 북구 복현동 경진로남1길 56
no,대구 북구 복현동 경진로12길 5
no,대구 북구 산격동 산격로14길 3-5
no,대구 북구 산격동 대동로1길 40
no,대구 북구 매천로
no,대구 북구 연경중앙로
no,대구 북구 동화천로
no,대구 북구 관음동 관음중앙로28길
no,대구 북구 관음동 칠곡중앙대로99길
no,대구 북구 산격동 유통단지로8길 2
no,대구 북구 침산동 침산남로19길 9
no,대구 북구 관음동 칠곡중앙대로91길
no,대구 북구 산격동 유통단지로13길
no,대구 북구 산격동 유통단지로7길 4
no,대구 북구 산격동 유통단지로7길 6
no,대구 북구 고성동2가 고성로32길 8
no,대구 북구 고성동2가 고성로34길 5
no,대구 북구 태평로3가 251
no,대구 북구 산격동 유통단지로8길 7
no,대구 북구 고성동2가 고성로28길 1
no,대구 북구 산격3동 산격시장 농협
no,대구 북구 동대구시
no,대구 북구 명성푸르지오 앞
no,대구 북구 태전동 칠곡중앙대로51길
no,대구 북구 태전동 칠곡중앙대로53길
no,대구 북구 연경동 연경중앙로3길
no,대구 북구 복현동 동북로49길 15
no,대구 북구 침산동 성북로5길 15-22
no,대구 북구 침산동 침산남로32길 17
no,대구 북구 복현동 경진로1길 78
no,대구 북구 신암동 1343-4
no,대구 북구 산격동 대학로15길 6
no,대구 북구 NC아울렛 앞 사거리
no,대구 북구 팔달동 대구수산시
no,대구 북구 태전동 중앙시
no,대구 북구 읍내동 관음중앙로33길
no,대구 북구 관음동 관음중앙로17길
no,대구 북구 침산동 침산남로31길 11
no,대구 북구 산격동 산격로8길 4
no,대구 북구 구암동 태암남로11길 31
no,대구 북구 태전동 칠곡중앙대로80길
no,대구 북구 칠성동1가 칠성가구시
no,대구 북구 칠성동1가 칠성시장로5길
no,대구 북구 칠성동1가 칠성남로41길
no,대구 북구 산격동 유통단지로8길 1
no,대구 북구 고성동2가 고성로28길 4
no,대구 북구 장보고식자재 마트 사거
no,대구 북구 읍내동 1478-16
no,대구 북구 노원동3차 1022
no,대구 북구 태전동 M빌딩
no,대구 북구 태전동 원대새마을금고
no,대구 북구 산격동 258
no,대구 북구 복현동 시티병원
no,대구 북구 관음상가
no,대구 북구 산격동 엑스코 동문
no,대구 북구 칠성동 삼덕꽃 원예센터
no,대구 북구 읍내동 대천로7길 40
no,대구 북구 침산동 침산로21길 10
no,대구 북구 복현동 동북로50길 17
no,대구 북구 복현동 동북로50길 14
no,대구 북구 복현동 경대로서19길 11
no,대구 북구 노원동3가 팔달북로3길
no,대구 북구 대현동 대현남로2길 56
no,대구 북구 태전동 칠곡중앙대로55길
no,대구 북구 산격동 산격로6길 2
no,대구 북구 침산동 침산남로46길 4
no,대구 북구 침산동 침산로22길 5
no,대구 북구 태전동 학정로7길 3
no,대구 북구 노원동3차 782
no,대구 북구 읍내동 1278-66
no,대구 북구 매천삼거리
no,대구 북구 노원한신더휴 입구
no,대구 북구 침산동 매일천막 앞
no,대구 북구 서변 성북초등학교
no,대구 북구 구암동 농협중앙회
no,대구 북구 서변동 서변로23길
no,대구 북구 산격동 유통단지로14길
no,대구 북구 산격동 유통단지로3길 5
no,대구 북구 사수동 스타힐즈
no,대구 북구 장태실네거리
no,대구 북구 산격동 대학로25길 53-3
no,대구 북구 산격동 산격로10길 14
no,대구 북구 매천동 매천로37길 19
no,대구 북구 노원동1가 오봉로6길 28
no,대구 북구 태전동 구암로22길 17
no,대구 북구 침산동 건영하이츠 정문
no,대구 북구 팔달신시장 오내과
no,대구 북구 칠성시장 화재
no,대구 북구 칠성동2가 침산로21길 4
no,대구 북구 태전동 칠곡중앙대로46길
no,대구 북구 노원동1가 침산남로9길
no,대구 북구 동변동 동변로18길 43
no,대구 북구 고성동1가 칠성남로14길
no,대구 북구 동변동 동변로14길 12
no,대구 북구 칠곡중앙대로 56
no,대구 북구 복현동 동북로49길 10
no,대구 북구 복현동 동북로49길 9
no,대구 북구 신암동 677-54
no,대구 북구 동북로 360-6
no,대구 북구 읍내동 네오시티
no,대구 북구 칠곡cgv
no,대구 북구 구암동 구암로32길 6-24
no,대구 북구 태전동 칠곡중앙대로75길
no,대구 북구 고성동2가 고성로32길 8-
no,대구 북구 매천동 매천로8길
no,대구 북구 원대동1가 달서천로83길
no,대구 북구 침산동 옥산로17길 50
no,대구 북구 대현동 대현로9길 57-1
no,대구 북구 구암동 동암로38길 29-3
no,대구 북구 매천동 매천로18길 34
no,대구 북구 팔달로
no,대구 북구 대현동 대현로10길 82
no,대구 북구 동호동 칠곡중앙대로136
no,대구 북구 태전동 칠곡중앙대로북5
no,대구 북구 침산동 침산남로37길 36
no,대구 북구 노원 M 병원
no,대구 북구 경북대 북문
no,대구 북구 침산동 중앙대로118길 2
no,대구 북구 읍내동 동암로7길 51-6
no,대구 북구 원대로 55-6
no,대구 북구 복현동 동북로57길 9
no,대구 북구 동천동 동신빌딩
no,대구 북구 읍내동 칠곡중앙대로114
no,대구 북구 국우동 구리로36길 4-6
no,대구 북구 동천동 동암로12길 24-2
no,대구 북구 복현동 경대로19길 51-1
no,대구 북구 비산동 1710-3
no,대구 북구 서재로
no,대구 북구 산격동 산격로6길 22
no,대구 북구 산격동 동북로서37길 5
no,대구 북구 경북대 정문
no,대구 북구 침산동 침산로21길 36
no,대구 북구 중앙대로
no,대구 북구 태전동 칠곡중앙대로54길
no,대구 북구 산격동 국민은행
no,대구 북구 대구은행 학정로지점
no,대구 북구 동변동 686-410
no,대구 북구 칠성동 칠성시
no,대구 북구 태전동 태전로6길 21-39
no,대구 북구 산격동 연암로42길 31
no,대구 북구 팔달동 장태실1길
no,대구 북구 산격동 연암로2길 70
no,대구 북구 서변동 서변로3길 47-13
no,대구 북구 관음동 관음중앙로22길
no,대구 북구 침산동 노원로39길 34
no,대구 북구 태평로3가 190-10
no,대구 북구 칠성동2가 칠성남로37길
no,대구 북구 구암동 989-5
no,대구 북구 구암동 6565-10
no,대구 북구 구암돔 654
no,대구 북구 신암동 1360
no,대구 북구 침산동 침산남로46길 26
no,대구 북구 태평로
no,대구 북구 오육민물수산 앞
no,대구 북구 읍내동 구암로21길 41
no,대구 북구 침산동 침산남로39길 9
no,대구 북구 노원동3가 209-11
no,대구 북구 칠곡중앙대로 55
no,대구 북구 연경지묘로
no,대구 북구 비산동 팔달로18길 4
no,대구 북구 고성동1가 칠성남로12길
no,대구 북구 산격동 동북로36길 17-8
no,대구 북구 복현동 539-50
no,대구 북구 학정동 학정로110길 29
no,대구 북구 서변동 795
no,대구 북구 고성동1가 칠성남로2길
no,대구 북구 복현동 경대로27길 5
no,대구 북구 침산동 성북로5길 35-2
no,대구 북구 산격동 연암로35길 7
no,대구 북구 비산동 874
no,대구 북구 관음동 관음동로17길 13
no,대구 북구 태전동 학정로9길 3
no,대구 북구 산격동 유통단지로3길 6
no,대구 북구 산격동 유통단지로24길
no,대구 북구 서변동 762-7
no,대구 북구 대현동 신천동로148길 8
no,대구 북구 태전동 933-13
no,대구 북구 동천동 1904-4
no,대구 북구 매천시장1문
no,대구 북구 침산동 침산로21길 24
no,대구 북구 침산동 성북로5길 49-3
no,대구 북구 노원동2가 노원로10길 1
no,대구 북구 침산동 노원로42길 7
no,대구 북구 구암동 구암로65길 38
no,대구 북구 동천동 953-9
no,대구 북구 검단동 검단로27길 51
no,대구 북구 고성도1가 160-81
no,대구 북구 국우동 983-2
no,대구 북구 복현동 동북로65길 5
no,대구 북구 복현동 경대로23길 70-1
no,대구 북구 학정동 학정로110길 47
no,대구 북구 복현동 동북로65길 46
no,대구 북구 산격동 대학로9길 71
no,대구 북구 칠성동2가 칠성남로29길
no,대구 북구 산격초등학교
no,대구 북구 노원동2가 팔달로45길 2
no,대구 북구 국우동 도남길 62-12
no,대구 북구 경진초등학교
no,대구 북구 복현동 동북로65길 28
no,대구 북구 산격동 대불서길 5
no,대구 북구 산격동 대학로15길 6
no,대구 북구 복현동 동북로65길 54
no,대구 북구 동천동 984-1
no,대구 북구 국우동 동암로37길 3-15
no,대구 북구 복현동 경진로1길 78
no,대구 북구 산격동 887-54
no,대구 북구 산격동 동북로37길 68
no,대구 북구 고성동1가 칠성남로2안길
no,대구 북구 대현동 대현남로6길 31-
no,대구 북구 학정동 학남로1길 5
no,대구 북구 산격초등학교 열린음악교실
no,대구 북구 관음동 139-18
no,대구 북구 대학로 최병원
no,대구 북구 침산동 침산로22길 5
no,대구 북구 구암동 구암로65길 38
no,대구 북구 산격동 유통단지로7길 9
no,대구 북구 매천동 매전로4길 6-17
no,대구 북구 구암동 구암로65길 50-6
no,대구 북구 산격동 동북로28길 2-5
no,대구 북구 경대로 148-9
no,대구 북구 대현동 대현로21길 2-2
no,대구 북구 매천동 매천로18길 39
no,대구 북구 태전동 칠곡중앙대로52길
no,대구 북구 태전동 태암로5길 2
no,대구 북구 태전동 태암로5길 13-1
no,대구 북구 읍내동 칠곡중앙대로126
no,대구 북구 신암동 1620
no,대구 북구 서변동 호국로51길
no,대구 북구 서변동 서변로3길
no,대구 북구 검단동 검단로31길 55
no,대구 북구 동인동1가 398
no,대구 북구 태평로3가 267-2
no,대구 북구 칠성동2가 1757
no,대구 북구 팔달로
no,대구 북구 산격초등학교 스쿨존
no,대구 북구 검단동 검단로27길 31
no,대구 북구 칠성동2가 칠성로5길 5-
no,대구 북구 신암로 86-5
no,대구 북구 칠성동2가 대성꽃시
no,대구 북구 칠성동2가 칠성남로38길
no,대구 북구 경대로 60
no,대구 북구 신암동 아양로7길 37-18
no,대구 북구 칠성남로
no,대구 북구 대학로 KT
no,대구 북구 칠성동1가 칠성시장로3길
no,대구 북구 침산동 노원로47길 20-1
no,대구 북구 서변동756-15
no,대구 북구 산격동887-54
no,대구 북구 노원동3가788-1
no,대구 북구 산격동 산격로북9길 1-1
no,대구 북구 동변초등학교 후문
no,대구 북구 관음초등학교앞
no,대구 북구 검단동청구유성아파트
no,대구 북구 태전동 학정로9길 3
no,대구 북구 복현동 동북로50길 10
no,대구 북구 국우동 학남로15길 50-1
no,대구 북구 침산동 침산남로32길 21
no,대구 북구 동변초등학교
no,대구 북구 동변근린공원 교차로내
no,대구 북구 국우동 동암로37길 4-19
no,대구 북구 매천동 강북컨벤션웨딩
no,대구 북구 산격동 887-54
no,대구 북구 칠성동2가 칠성남로36길
no,대구 북구 태전동 태전로7길 3-5
no,대구 북구 태전동 학정로9길 2
no,대구 북구 태평로2가 33-2
no,대구 북구 노원동2가782
no,대구 북구 구암동 967-1
no,대구 북구 노원동1가 오봉로6길 10
no,대구 북구 산격동 유통단지로7길 1
no,대구 북구 노원동1가 오봉로6길 18
no,대구 북구 팔달로 18
no,대구 북구 양지마을 입구
no,대구 북구 관천초등학교
no,대구 북구 태전초등학교
no,대구 북구 침산동 침산남로37길 23
no,대구 북구 산격초등학교
no,대구 북구 읍내동 1386-16
no,대구 북구 읍내동 1386-16
no,대구 북구 비산동 1341
no,대구 북구 대현로 135
no,대구 북구 학남초등학교
no,대구 북구 읍내동 관음중앙로34길
no,대구 북구 국우동 학남로15길 3-26
no,대구 북구 옥산초등학교
no,대구 북구 학정초등학교
no,대구 북구 삼영초등학교
no,대구 북구 구암동 872
no,대구 북구 산격동 동북로31길 30
no,대구 북구 읍내동 칠곡중앙대로115
no,대구 북구 서변동 호국로43길
no,대구 북구 학정동 구리로7길 9
no,대구 북구 읍내동 칠곡중앙대로110
no,대구 북구 성북초등학교
no,대구 북구 노원동3가 노원로1길 19
no,대구 북구 칠성동2가 칠성남로16길
no,대구 북구 읍내동 1292-16
no,대구 북구 복현동 동북로55길 8-11
no,대구 북구 복현초등학교
no,대구 북구 검단동 검단로27길 58-5
no,대구 북구 검단동 검단로31길 52
no,대구 북구 매천동 매천로18길 31-5
no,대구 북구 산격동 연암로32길 28
no,대구 북구 관남초등학교
no,대구 북구 팔달초등학교
no,대구 북구 대산초등학교
ok,대구 북구 사수동 837
ok,대구 북구 사수동 1008
ok,대구 북구 구암동 832-3
ok,대구 북구 칠성동2가 728-1
ok,대구 북구 국우동 1121
ok,대구 북구 국우동 1123-4
ok,대구 북구 구암동 832-3
ok,대구 북구 매천동 677
ok,대구 북구 대현동 340-2
ok,대구 북구 노원동3가 1006-2
ok,대구 북구 노원동3가 1227
ok,대구 북구 태전동 1181
ok,대구 북구 태전동 220-1
ok,대구 북구 태전동 220-1
ok,대구 북구 태전동 449-1
ok,대구 북구 산격동 1320-5
ok,대구 북구 검단동 1128-3
ok,대구 북구 복현동 539-106
ok,대구 북구 산격동 1393-27
ok,대구 북구 산격동 1314-7
ok,대구 북구 태전동 532-1
ok,대구 북구 산격동 1258
ok,대구 북구 대학로79 파리바게트
ok,대구 북구 학정로50 앞 사거리
ok,대구 북구 노원동3가 1003-4
ok,대구 북구 노원동2가 309-3
ok,대구 북구 동천동 905-1
ok,대구 북구 서변동 1727-13
ok,대구 북구 칠성동1가 192-2
ok,대구 북구 산격동 산 71-12
ok,대구 북구 노원동3가 1007-1
ok,대구 북구 복현동 155
ok,대구 북구 노원동1가 339
ok,대구 북구 노원동3가 1007-5
ok,대구 북구 노원동3가 1006-9
ok,대구 북구 노원동3가 892-1
ok,대구 북구 산격동 1279-7
ok,대구 북구 산격동 1291-22
ok,대구 북구 칠성동2가 161-7
ok,대구 북구 서변동 1750
ok,대구 북구 복현동 539-10
ok,대구 북구 복현동 33-3
ok,대구 북구 매천동 296-1
ok,대구 북구 칠성동2가 361-1
ok,대구 북구 매천동 677-1
ok,대구 북구 학정동 983-2
ok,대구 북구 동천동 963
ok,대구 북구 국우동 1080
ok,대구 북구 구암동 672
ok,대구 북구 읍내동 1366
ok,대구 북구 침산동 261-1
ok,대구 북구 관음동 1309
ok,대구 북구 동천동 880-1
ok,대구 북구 읍내동 1351-2
ok,대구 북구 구암동 734
ok,대구 북구 관음동 809-3
ok,대구 북구 읍내동 1350
ok,대구 북구 동천동 962-6
ok,대구 북구 동천동 962-2
ok,대구 북구 구암동 833-1
ok,대구 북구 서변동 1795
ok,대구 북구 태전동 973-3
ok,대구 북구 고성동2가 108-17
ok,대구 북구 복현동 33
ok,대구 북구 노원동3가 1227
ok,대구 북구 산격동 167
ok,대구 북구 복현동 360-5
ok,대구 북구 동변동 662
ok,대구 북구 복현동 60
ok,대구 북구 동변동 686-10
ok,대구 북구 동변동 686-9
ok,대구 북구 침산동 400-7
ok,대구 북구 학정동 953-2
ok,대구 북구 구암동 735
ok,대구 북구 읍내동 1212
ok,대구 북구 침산동 611
ok,대구 북구 학정동 953-5
ok,대구 북구 사수동 827
ok,대구 북구 관음동 1383-1
ok,대구 북구 학정동 925
ok,대구 북구 침산동 557-84
ok,대구 북구 침산동 557-292
ok,대구 북구 침산동 265-2
ok,대구 북구 관음동 1402-12
ok,대구 북구 침산동 363-1
ok,대구 북구 관음동 1339
ok,대구 북구 읍내동 491
ok,대구 북구 동천동 913-3
ok,대구 북구 관음동 1231
ok,대구 북구 학정동 940-2
ok,대구 북구 학정동 935-5
ok,대구 북구 학정동 953-14
ok,대구 북구 학정동 953-23
ok,대구 북구 조야동 289-5
ok,대구 북구 노원동3가 304
ok,대구 북구 노원동3가 775
ok,대구 북구 태전동 1073-34
ok,대구 북구 노원동3가 227
ok,대구 북구 산격동 172-1
ok,대구 북구 노원동3가 1142-5
ok,대구 북구 칠성동2가 370-5
ok,대구 북구 복현동 340-1
ok,대구 북구 복현동 539-110
ok,대구 북구 복현동 539-110
ok,대구 북구 동변동 669
ok,대구 북구 산격동 1260-6
ok,대구 북구 노원동3가 782
ok,대구 북구 대현동 390
ok,대구 북구 침산로 205
ok,대구 북구 고성동2가 112-347
ok,대구 북구 고성동2가 130
ok,대구 북구 고성로 191
ok,대구 북구 팔거천동로 79
ok,대구 북구 칠성동2가 88-5
ok,대구 북구 침산동 400-3
ok,대구 북구 침산남로 94
ok,대구 북구 성북로 25
ok,대구 북구 침산동 1663-139
ok,대구 북구 원대로 100
ok,대구 북구 태전동 992
ok,대구 북구 읍내동 1343-5
ok,대구 북구 구암로 83-19
ok,대구 북구 칠곡중앙대로 41
ok,대구 북구 관음동로 12
ok,대구 북구 대현동 536
ok,대구 북구 관음동 1400-2
ok,대구 북구 신천동로 644
ok,대구 북구 침산동 261-1
ok,대구 북구 침산동 265-2
ok,대구 북구 태전동 991
ok,대구 북구 학정로 421
ok,대구 북구 동천동 960-2
ok,대구 북구 팔거천동로 206
ok,대구 북구 팔거천동로 226
ok,대구 북구 동천동 971-1
ok,대구 북구 동변동 699
ok,대구 북구 동천동 959-3
ok,대구 북구 동암로 64
ok,대구 북구 산격동 687
ok,대구 북구 서변동 1282-6
ok,대구 북구 칠성남로 156
ok,대구 북구 중앙대로 540
ok,대구 북구 칠성동2가 355-8
ok,대구 북구 칠성동2가 351-9
ok,대구 북구 중앙대로 531
ok,대구 북구 서변로 41
ok,대구 북구 서변동 1773
ok,대구 북구 서변동 1744
ok,대구 북구 서변로 49
ok,대구 북구 사수동 977
ok,대구 북구 내곡로 69
ok,대구 북구 사수동 982
ok,대구 북구 한강로 17
ok,대구 북구 칠성시장로 1
ok,대구 북구 사수동 898
ok,대구 북구 금호동 295-18
ok,대구 북구 사수동 27-7
ok,대구 북구 서변동 1268-5
ok,대구 북구 서변동 1684
ok,대구 북구 서변동 산 30-1
ok,대구 북구 서변동 산 34-3
ok,대구 북구 서변동 산 30
ok,대구 북구 칠곡중앙대로 59
ok,대구 북구 읍내동 505-12
ok,대구 북구 읍내동 497
ok,대구 북구 관음동 1385
ok,대구 북구 칠곡중앙대로 51
ok,대구 북구 동암로 5-3
ok,대구 북구 팔달동 72-4
ok,대구 북구 팔달동 124-13
ok,대구 북구 동북로 288
ok,대구 북구 노원로 91
ok,대구 북구 고성로 149-4
ok,대구 북구 읍내동 1330
ok,대구 북구 대학로 80
ok,대구 북구 고성로 168
ok,대구 북구 산격로 109-16
ok,대구 북구 서변동 1744
ok,대구 북구 검단동 529-1
ok,대구 북구 서변동 1801
ok,대구 북구 태전동 687-8
ok,대구 북구 동천동 932-1
ok,대구 북구 동천동 887
ok,대구 북구 태전동 991
ok,대구 북구 태전동 962
ok,대구 북구 구암동 789-5
ok,대구 북구 구암동 832-2
ok,대구 북구 구암동 761-2
ok,대구 북구 동변동 668-15
ok,대구 북구 동변동 669
ok,대구 북구 동변동 681
ok,대구 북구 관음동 1320
ok,대구 북구 침산동 620-3
ok,대구 북구 산격동 1666
ok,대구 북구 산격동 1559
ok,대구 북구 침산동 637-1
ok,대구 북구 침산동 557-26
ok,대구 북구 침산동 557-19
ok,대구 북구 침산동 538-16
ok,대구 북구 산격동 1545-1
ok,대구 북구 칠성동1가 163-1
ok,대구 북구 산격동 1043-2
ok,대구 북구 침산동 1750
ok,대구 북구 침산동 1750
ok,대구 북구 관음동 1375
ok,대구 북구 관음동 149-1
ok,대구 북구 읍내동 1274
ok,대구 북구 읍내동 산 89-7
ok,대구 북구 관음동 산 64-8
ok,대구 북구 관음동 815
ok,대구 북구 산격동 610-1
ok,대구 북구 칠곡중앙대로 37
ok,대구 북구 팔거천서로 29
ok,대구 북구 팔거천서로 17-3
ok,대구 북구 팔거천동로 1
ok,대구 북구 동천로 33
ok,대구 북구 동천동 965-1
ok,대구 북구 칠곡중앙대로 41
ok,대구 북구 성북로 50
ok,대구 북구 침산동 313-3
ok,대구 북구 침산동 1679-3
ok,대구 북구 침산동 333-14
ok,대구 북구 중앙대로 591
ok,대구 북구 동천로 97
ok,대구 북구 서변로 31
ok,대구 북구 태전동 454
ok,대구 북구 태암남로 65
ok,대구 북구 태전동 608-15
ok,대구 북구 학정로 137
ok,대구 북구 구암로 59
ok,대구 북구 태전동 456-1
ok,대구 북구 침산동 309-27
ok,대구 북구 읍내동 1367
ok,대구 북구 동천동 885
ok,대구 북구 관음동 1382
ok,대구 북구 칠성동2가 399-4
ok,대구 북구 공평로 185
ok,대구 북구 공평로 177
ok,대구 북구 칠성로 105
ok,대구 북구 학정동 917-1
ok,대구 북구 읍내동 660-12
ok,대구 북구 읍내동 1200
ok,대구 북구 동천로 128-12
ok,대구 북구 칠성동2가 40-6
ok,대구 북구 칠성동2가 361-1
ok,대구 북구 칠성남로 143
ok,대구 북구 칠성남로 232
ok,대구 북구 칠곡중앙대로 370
ok,대구 북구 중앙대로 591
ok,대구 북구 대학로 142
ok,대구 북구 노원동3가 892-1
ok,대구 북구 동천동 872
ok,대구 북구 동천동 872-1
ok,대구 북구 칠성동2가 302-378
ok,대구 북구 복현동 235-1
ok,대구 북구 침산동 625-5
ok,대구 북구 복현동 335-1
ok,대구 북구 노원동3가 1003-4
ok,대구 북구 노원동3가 1001-4
ok,대구 북구 침산동 507-10
ok,대구 북구 산격동 1428-12
ok,대구 북구 사수동 1008
ok,대구 북구 읍내동 1297-14
ok,대구 북구 침산동 105-83
ok,대구 북구 침산동 260-2
ok,대구 북구 노원동1가 273
ok,대구 북구 태전동 454
ok,대구 북구 태전동 456-5
ok,대구 북구 관음동 1308-8
ok,대구 북구 학정동 952
ok,대구 북구 팔달동 72-7
ok,대구 북구 동천동 971-5
ok,대구 북구 읍내동 1365
ok,대구 북구 관음동 1388
ok,대구 북구 동천동 963-1
ok,대구 북구 동천동 959-2
ok,대구 북구 관음동 1328
ok,대구 북구 태전1동 칠곡시외버스하
ok,대구 북구 태전1동 보건대
ok,대구 북구 대현동 430-1
ok,대구 북구 팔거천동로 147
ok,대구 북구 읍내동 1395
ok,대구 북구 읍내동 1365
ok,대구 북구 칠성동2가 302-93
ok,대구 북구 팔거천서로 231
ok,대구 북구 읍내동 1234-151
ok,대구 북구 칠성동2가 721
ok,대구 북구 산격동 799-1
ok,대구 북구 동천로 20
ok,대구 북구 동천동 963-3
ok,대구 북구 침산동 371-1
ok,대구 북구 침산동 375-5
ok,대구 북구 팔달동 186-24
ok,대구 북구 경진로 27
ok,대구 북구 복현동 614-8
ok,대구 북구 대학로 80
ok,대구 북구 학정로 9-5
ok,대구 북구 노원로 179
ok,대구 북구 오봉로 140-8
ok,대구 북구 매천동 677-1
ok,대구 북구 오봉로 171
ok,대구 북구 매천동 308
ok,대구 북구 침산동 1024-1
ok,대구 북구 매천동 677-2
ok,대구 북구 매전로 73
ok,대구 북구 산격로 14
ok,대구 북구 산격로 87
ok,대구 북구 산격동 1485
ok,대구 북구 대현동 439-36
ok,대구 북구 노원로 136
ok,대구 북구 관음중앙로 143
ok,대구 북구 팔달로 105
ok,대구 북구 노원동3가 813
ok,대구 북구 팔달로 175
ok,대구 북구 노원동로 2
ok,대구 북구 관음중앙로 110
ok,대구 북구 관음동 1298
ok,대구 북구 관음동 1328
ok,대구 북구 관음동로 99
ok,대구 북구 관음동 1295
ok,대구 북구 노원동3가 252-1
ok,대구 북구 3공단로 31
ok,대구 북구 팔달북로 6
ok,대구 북구 동북로 131
ok,대구 북구 산격동 1628
ok,대구 북구 산격동 1636
ok,대구 북구 유통단지로 16
ok,대구 북구 산격동 1664
ok,대구 북구 유통단지로 50
ok,대구 북구 유통단지로 60
ok,대구 북구 산격동 1641
ok,대구 북구 동천동 967-1
ok,대구 북구 대천로 76
ok,대구 북구 유통단지로 25
ok,대구 북구 산격동 1624
ok,대구 북구 읍내동 1382
ok,대구 북구 산격동 1559
ok,대구 북구 칠곡중앙대로 44
ok,대구 북구 팔거천동로 388
ok,대구 북구 고성북로 52-
ok,대구 북구 고성동2가 68-2
ok,대구 북구 읍내동 1343
ok,대구 북구 고성동1가 84-9
ok,대구 북구 산격동 1728
ok,대구 북구 산격동 1835
ok,대구 북구 검단로 71-17
ok,대구 북구 산격동 1782
ok,대구 북구 검단로 115
ok,대구 북구 검단공단로 48
ok,대구 북구 침산동 233-2
ok,대구 북구 동북로 150
ok,대구 북구 경진로 47
ok,대구 북구 칠성동1가 280-1
ok,대구 북구 침산동 646-2
ok,대구 북구 대현동 236-16
ok,대구 북구 서변동 1793
ok,대구 북구 서변동 1793
ok,대구 북구 검단동 887-117
ok,대구 북구 태전동 993
ok,대구 북구 읍내동 1074-3
ok,대구 북구 매천동 527-3
ok,대구 북구 학정동 989-17
ok,대구 북구 동천동 960-2
ok,대구 북구 동천동 901-2
ok,대구 북구 동천동 962-1
ok,대구 북구 관음동 1368 부든
ok,대구 북구 관음동 1372
ok,대구 북구 동천동 902-1
ok,대구 북구 동천동 968
ok,대구 북구 검단공단로 60
ok,대구 북구 매천동 산 1-1
ok,대구 북구 태전동 684-1
ok,대구 북구 팔달동 96-4
ok,대구 북구 팔달동 117-5
ok,대구 북구 팔달동 79
ok,대구 북구 공항로 10-7
ok,대구 북구 복현동 210-3
ok,대구 북구 국우동 1126
ok,대구 북구 침산동 233-4
ok,대구 북구 검단로 28
ok,대구 북구 복현동 539-7
ok,대구 북구 국우동 1126-4
ok,대구 북구 검단동 907-2
ok,대구 북구 국우동 486
ok,대구 북구 산격동 1696
ok,대구 북구 산격동 1711
ok,대구 북구 칠곡중앙대로 31
ok,대구 북구 태전동 881-108
ok,대구 북구 침산남로 165-16
ok,대구 북구 침산동 339-11
ok,대구 북구 동천로 122
ok,대구 북구 읍내동 1234-159
ok,대구 북구 동천동 972
ok,대구 북구 대현로 118-1
ok,대구 북구 대현동 272-27
ok,대구 북구 칠성동2가 409-24
ok,대구 북구 칠성동1가 273-12
ok,대구 북구 대현동 440-36
ok,대구 북구 신천동로 714-2
ok,대구 북구 대학로 109
ok,대구 북구 산격동 1416-44
ok,대구 북구 산격동 1499-1
ok,대구 북구 산격동 1410-4
ok,대구 북구 태전동 1104
ok,대구 북구 대현동 536
ok,대구 북구 관음동 1317
ok,대구 북구 학정동 926-5
ok,대구 북구 태전동 1202
ok,대구 북구 동천동 912-1
ok,대구 북구 노원동3가 776-1
ok,대구 북구 침산동 531-5
ok,대구 북구 동변동 499-1
ok,대구 북구 노원동3가 62-1
ok,대구 북구 노원동3가 180-1
ok,대구 북구 복현동 79
ok,대구 북구 복현동 332-1
ok,대구 북구 태전동 449-1
ok,대구 북구 서변동 1148-1
ok,대구 북구 노원동3가 782
ok,대구 북구 노원동3가 783-3
ok,대구 북구 산격동 1477-1
ok,대구 북구 읍내동 510-3
ok,대구 북구 칠곡중앙대로 60
ok,대구 북구 읍내동 1330
ok,대구 북구 관음동 1383-3
ok,대구 북구 고성동2가 108-58
ok,대구 북구 관음동 1341
ok,대구 북구 관음중앙로 117-
ok,대구 북구 관음동로 141
ok,대구 북구 성북로 68-4
ok,대구 북구 침산로 162-26
ok,대구 북구 침산동 4-2
ok,대구 북구 국우동 1120
ok,대구 북구 태전동 996
ok,대구 북구 팔거천동로 1
ok,대구 북구 태전동 1196
ok,대구 북구 학정로 78
ok,대구 북구 태암남로 38
ok,대구 북구 산격로 103-1
ok,대구 북구 구암로 158
ok,대구 북구 동천동 884
ok,대구 북구 대현동 337-60
ok,대구 북구 침산동 1664-25
ok,대구 북구 학정로 378
ok,대구 북구 산격동 1607
ok,대구 북구 산격동 1577
ok,대구 북구 유통단지로 103
ok,대구 북구 유통단지로 45
ok,대구 북구 금호동 923
ok,대구 북구 사수동 981
ok,대구 북구 검단로 50
ok,대구 북구 검단로 71-14
ok,대구 북구 검단로 87
ok,대구 북구 복현동 539-146
ok,대구 북구 매천동 677-1
ok,대구 북구 노원로 273
ok,대구 북구 팔달로 53
ok,대구 북구 산격동 1485
ok,대구 북구 고성북로 52-2
ok,대구 북구 서변동 1783-5
ok,대구 북구 복현동 539-113
ok,대구 북구 고성동2가 112-3
ok,대구 북구 산격동 1736
ok,대구 북구 침산동 372-3
ok,대구 북구 침산동 248-5
ok,대구 북구 조야동 101-16
ok,대구 북구 서변동 1769
ok,대구 북구 관음동 1330-4
ok,대구 북구 태전동 1107
ok,대구 북구 읍내동 1381-13
ok,대구 북구 구암동 673
ok,대구 북구 태전동 409-2
ok,대구 북구 구암동 663-9
ok,대구 북구 태전동 1033-6
ok,대구 북구 태전동 1035
ok,대구 북구 사수동 953
ok,대구 북구 사수동 772
ok,대구 북구 산격동 1422-7
ok,대구 북구 대현동 277-9
ok,대구 북구 노원동3가 1022
ok,대구 북구 칠성동2가 355-27
ok,대구 북구 산격동 1424-48
ok,대구 북구 동천동 906-3
ok,대구 북구 금호동 882
ok,대구 북구 금호동 939
ok,대구 북구 동천동 959-3
ok,대구 북구 서변동 1728-8
ok,대구 북구 산격동 1422-25
ok,대구 북구 산격동 1420
ok,대구 북구 산격동 799-2
ok,대구 북구 침산동 233-3
ok,대구 북구 칠성동2가 152-181
ok,대구 북구 침산로 100
ok,대구 북구 동변동 617-30
ok,대구 북구 동변로 24
ok,대구 북구 동변동 681
ok,대구 북구 동변로 102
ok,대구 북구 동변동 494
ok,대구 북구 동변로 88
ok,대구 북구 산격동 1382-3
ok,대구 북구 대학로 20-6
ok,대구 북구 옥산로 65
ok,대구 북구 대현로 56-2
ok,대구 북구 대현동 258-1
ok,대구 북구 동천동 962-4
ok,대구 북구 동천로 136
ok,대구 북구 태전동 산 45-3
ok,대구 북구 매천동 145-1
ok,대구 북구 대학로 80
ok,대구 북구 대학로 59-30
ok,대구 북구 산격로 109-16
ok,대구 북구 칠성동1가 224-4
ok,대구 북구 매천동 314-2
ok,대구 북구 매천동 318
ok,대구 북구 경진로 47
ok,대구 북구 침산동 233-2
ok,대구 북구 학정로 17
ok,대구 북구 복현로 35
ok,대구 북구 복현동 178-1
ok,대구 북구 복현동 78-10
ok,대구 북구 복현동 69
ok,대구 북구 침산동 137-10
ok,대구 북구 대현동 333-6
ok,대구 북구 노원동2가 338
ok,대구 북구 칠성동2가 302-105
ok,대구 북구 서변동 1783
ok,대구 북구 산격동 1560
ok,대구 북구 산격동 1422-1
ok,대구 북구 학정동 927-1
ok,대구 북구 학정동 927-1
ok,대구 북구 동천동 953-1
ok,대구 북구 태전동 254-32
ok,대구 북구 사수동 821
ok,대구 북구 구암동 656-11
ok,대구 북구 관음동 1378-8
ok,대구 북구 읍내동 1285-12
ok,대구 북구 읍내동 1285-12
ok,대구 북구 읍내동 1278-16
ok,대구 북구 읍내동 1297-33
ok,대구 북구 관음동 산 64-21
ok,대구 북구 읍내동 1248-4
ok,대구 북구 관음동 418
ok,대구 북구 산격동 702-4
ok,대구 북구 칠성남로 86
ok,대구 북구 침산로 290
ok,대구 북구 동천동 952-5
ok,대구 북구 팔거천동로 104
ok,대구 북구 고성로 206
ok,대구 북구 태전로 9
ok,대구 북구 태전동 417-3
ok,대구 북구 칠곡중앙대로 29
ok,대구 북구 노원동3가 851-1
ok,대구 북구 산격동 689-6
ok,대구 북구 칠곡중앙대로 50
ok,대구 북구 유통단지로 38
ok,대구 북구 노원동3가 1207
ok,대구 북구 호암로 15
ok,대구 북구 칠성남로 122
ok,대구 북구 중앙대로 491
ok,대구 북구 고성북로 47-
ok,대구 북구 서변동 1764
ok,대구 북구 서변로 50
ok,대구 북구 산격동 1346
ok,대구 북구 읍내동 1301
ok,대구 북구 학정동 925
ok,대구 북구 매천동 693
ok,대구 북구 관음동 1232
ok,대구 북구 관음동 1366
ok,대구 북구 관음동 1376
ok,대구 북구 사수동 784
ok,대구 북구 관음동 1400-1
ok,대구 북구 구암동 651
ok,대구 북구 구암동 788-2
ok,대구 북구 태전동 608-5
ok,대구 북구 서변동 1795
ok,대구 북구 복현동 218
ok,대구 북구 산격동 1260-5
ok,대구 북구 서변동 1747
ok,대구 북구 복현동 332-1
ok,대구 북구 노원동1가 169-1
ok,대구 북구 복현동 332-1
ok,대구 북구 연경동 956-1
ok,대구 북구 침산동 266-7
ok,대구 북구 서변동 1772
ok,대구 북구 동변동 659
ok,대구 북구 침산남로 121
ok,대구 북구 대현남로 28
ok,대구 북구 동천동 960-1
ok,대구 북구 팔달로 169
ok,대구 북구 침산남로 160
ok,대구 북구 침산동 137-10
ok,대구 북구 동천로 155
ok,대구 북구 구암동 833-1
ok,대구 북구 동북로 256
ok,대구 북구 대학로 80
ok,대구 북구 내곡로 15
ok,대구 북구 침산동 339-2
ok,대구 북구 신암로 66
ok,대구 북구 태전동 998
ok,대구 북구 침산동 473-5
ok,대구 북구 팔달동 130-1
ok,대구 북구 고성동2가 112-347
ok,대구 북구 산격동 1666
ok,대구 북구 칠성동1가 156-2
ok,대구 북구 검단동 537-3
ok,대구 북구 침산동 296-6
ok,대구 북구 검단동 502-5
ok,대구 북구 복현동 539-106
ok,대구 북구 태전동 973-3
ok,대구 북구 동천동 901-1
ok,대구 북구 태전동 253-1
ok,대구 북구 읍내동 1346-5
ok,대구 북구 구암동 769-4
ok,대구 북구 태전동 995-14
ok,대구 북구 동천동 907-8
ok,대구 북구 팔달동 74-3
ok,대구 북구 관음동 1343-17
ok,대구 북구 구암동 789
ok,대구 북구 관음동 1369-2
ok,대구 북구 구암로 17
ok,대구 북구 복현로 105
ok,대구 북구 침산동 542-3
ok,대구 북구 침산동 1024-2
ok,대구 북구 검단로 97
ok,대구 북구 산격동 1773
ok,대구 북구 옥산로 111
ok,대구 북구 노원동1가 18-1
ok,대구 북구 원대로 117-1
ok,대구 북구 관음동 1302
ok,대구 북구 칠성시장로 4
ok,대구 북구 서변동 1795
ok,대구 북구 대현동 24-2
ok,대구 북구 검단동 1128-3
ok,대구 북구 고성동2가 111-8
ok,대구 북구 침산동 514-8
ok,대구 북구 칠성동2가 142-15
ok,대구 북구 칠성동2가 302-105
ok,대구 북구 복현동 218
ok,대구 북구 동천동 907-1
ok,대구 북구 복현동 218
ok,대구 북구 검단동 502-6
ok,대구 북구 대현동 399-2
ok,대구 북구 구암동 684-1
ok,대구 북구 관음동 1274
ok,대구 북구 사수동 827
ok,대구 북구 동천동 906-4
ok,대구 북구 태전동 257-1
ok,대구 북구 학정동 928-7
ok,대구 북구 매천동 693
ok,대구 북구 관음동 1372-2
ok,대구 북구 읍내동 1278
ok,대구 북구 매천동 677-1
ok,대구 북구 태전동 1037-7
ok,대구 북구 태전동 1030
ok,대구 북구 관음동 1387
ok,대구 북구 관음동 1389
ok,대구 북구 읍내동 426-8
ok,대구 북구 동천동 913-1
ok,대구 북구 매천동 718
ok,대구 북구 구암동 692-15
ok,대구 북구 동변동 492
ok,대구 북구 침산동 514-5
ok,대구 북구 동변동 661
ok,대구 북구 침산동 1761
ok,대구 북구 산격동 1400-3
ok,대구 북구 산격동 1417-3
ok,대구 북구 원대로 71
ok,대구 북구 신암로 107
ok,대구 북구 침산동 295-19
ok,대구 북구 태전동 420-10
ok,대구 북구 노원로 34
ok,대구 북구 서변동 1778
ok,대구 북구 동천동 963-2
ok,대구 북구 동천로 84
ok,대구 북구 서변동 1801
ok,대구 북구 매천동 371-2
ok,대구 북구 태전동 1104
ok,대구 북구 침산동 292-1
ok,대구 북구 동천동 959-4
ok,대구 북구 학정로 515
ok,대구 북구 칠성동1가 274-2
ok,대구 북구 동변동 682
ok,대구 북구 복현동 201-22
ok,대구 북구 산격동 1312-5
ok,대구 북구 침산동 507-22
ok,대구 북구 노원동1가 342
ok,대구 북구 노원동1가 12-16
ok,대구 북구 노원동1가 11-1
ok,대구 북구 노원동1가 12-2
ok,대구 북구 침산동 295-3
ok,대구 북구 산격동 1277-13
ok,대구 북구 산격동 1422
ok,대구 북구 태전동 454
ok,대구 북구 구암동 836
ok,대구 북구 학정동 967-10
ok,대구 북구 구암동 772-3
ok,대구 북구 태전동 151-9
ok,대구 북구 태전동 990
ok,대구 북구 태전동 148-15
ok,대구 북구 관음동 1378-6
ok,대구 북구 관음동 1379
ok,대구 북구 관음동 1364-12
ok,대구 북구 침산동 448-2
ok,대구 북구 읍내동 1275
ok,대구 북구 사수동 981
ok,대구 북구 읍내동 1302
ok,대구 북구 태전동 990
ok,대구 북구 읍내동 1302
ok,대구 북구 태전동 253-5
ok,대구 북구 고성동1가 50-60
ok,대구 북구 산격동 526-1
ok,대구 북구 연경동 958
ok,대구 북구 칠성동1가 195-1
ok,대구 북구 서변동 1787-11
ok,대구 북구 대현동 257-19
ok,대구 북구 침산동 625-1
ok,대구 북구 복현동 403-7
ok,대구 북구 산격동 1620
ok,대구 북구 산격동 1739
ok,대구 북구 학정동 953
ok,대구 북구 태전동 749-22
ok,대구 북구 관음동 1378-6
ok,대구 북구 동천동 893
ok,대구 북구 관음동 1346
ok,대구 북구 관음동 1386-1
ok,대구 북구 읍내동 1274
ok,대구 북구 읍내동 1278
ok,대구 북구 관음동 1347
ok,대구 북구 고성동1가 158-3
ok,대구 북구 구암로 170
ok,대구 북구 태전동 466-11
ok,대구 북구 대현동 340-4
ok,대구 북구 칠성시장로 5
ok,대구 북구 대현로 101
ok,대구 북구 대학로 142
ok,대구 북구 칠곡중앙대로 26
ok,대구 북구 학정로 416
ok,대구 북구 칠성동2가 41-8
ok,대구 북구 산격동 1499
ok,대구 북구 산격동 1346
ok,대구 북구 칠성시장로 8
ok,대구 북구 고성동2가 130
ok,대구 북구 태전동 417-3
ok,대구 북구 복현동 539-7
ok,대구 북구 대현동 531
ok,대구 북구 노원동3가 227
ok,대구 북구 대현동 24-3
ok,대구 북구 산격동 1788-1
ok,대구 북구 서변동 1787
ok,대구 북구 노원동3가 641
ok,대구 북구 검단동 838-5
ok,대구 북구 노원동3가 1001-4
ok,대구 북구 복현동 201-3
ok,대구 북구 구암동 655
ok,대구 북구 읍내동 1031-8
ok,대구 북구 금호동 609-26
ok,대구 북구 관음동 1360-25
ok,대구 북구 국우동 1101-12
ok,대구 북구 구암동 774-1
ok,대구 북구 구암동 768
ok,대구 북구 사수동 966
ok,대구 북구 학정동 947-15
ok,대구 북구 학정동 936-4
ok,대구 북구 관음동 1360-15
ok,대구 북구 태전동 532-6
ok,대구 북구 관음동 1317-7
ok,대구 북구 관음동 1319-10
ok,대구 북구 관음동 1335-18
ok,대구 북구 관음동 1343
ok,대구 북구 읍내동 1300-6
ok,대구 북구 읍내동 1278-16
ok,대구 북구 태전동 672
ok,대구 북구 태전동 145-1
ok,대구 북구 태전동 209-20
ok,대구 북구 경진로 15-1
ok,대구 북구 동천로 123
ok,대구 북구 대천로 100
ok,대구 북구 검단동 838-125
ok,대구 북구 검단공단로 22-2
ok,대구 북구 검단로 135
ok,대구 북구 학정동 892-6
ok,대구 북구 서변동 1786
ok,대구 북구 복현동 335-20
ok,대구 북구 대현동 404-2
ok,대구 북구 노원동2가 341
ok,대구 북구 노원동2가 133
ok,대구 북구 침산동 285-4
ok,대구 북구 산격동 489-8
ok,대구 북구 칠성동2가 302-139
ok,대구 북구 칠성동2가 302-142
ok,대구 북구 관음동 1243-21
ok,대구 북구 학정동 927-17
ok,대구 북구 학정동 935-10
ok,대구 북구 학정동 930-12
ok,대구 북구 태전동 1124
ok,대구 북구 동천동 891
ok,대구 북구 학정동 936-1
ok,대구 북구 관음동 1378-7
ok,대구 북구 구암동 835-1
ok,대구 북구 구암동 835-1
ok,대구 북구 태전동 1123
ok,대구 북구 태전동 986-11
ok,대구 북구 구암동 768
ok,대구 북구 관음동 1355-9
ok,대구 북구 읍내동 1297
ok,대구 북구 구암동 802-1
ok,대구 북구 태전동 936
ok,대구 북구 구암동 716
ok,대구 북구 칠곡중앙대로 28
ok,대구 북구 태전동 148-15
ok,대구 북구 산격로 52-1
ok,대구 북구 매천동 370
ok,대구 북구 국우동 1126-2
ok,대구 북구 동북로 288
ok,대구 북구 대현남로 52-1
ok,대구 북구 구암서로 22
ok,대구 북구 구암서로 32
ok,대구 북구 구암서로 7
ok,대구 북구 대학로 45
ok,대구 북구 매천동 200-1
ok,대구 북구 침산동 5-1
ok,대구 북구 산격동 1261-1
ok,대구 북구 산격동 산 71-14
ok,대구 북구 칠성동2가 725
ok,대구 북구 동변동 686
ok,대구 북구 구암동 675-6
ok,대구 북구 산격동 1370-1
ok,대구 북구 동천동 916-2
ok,대구 북구 구암동 792-10
ok,대구 북구 구암동 649
ok,대구 북구 구암동 769-1
ok,대구 북구 동천동 928-1
ok,대구 북구 읍내동 1371-15
ok,대구 북구 국우동 1123-3
ok,대구 북구 동천동 955-1
ok,대구 북구 대천로 3-9
ok,대구 북구 검단동 936-2
ok,대구 북구 사수동 993
ok,대구 북구 칠성동2가 409-31
ok,대구 북구 칠곡중앙대로 189
ok,대구 북구 칠성동2가 361-1
ok,대구 북구 대현동 389
ok,대구 북구 대현동 454-112
ok,대구 북구 산격동 산 9-1
ok,대구 북구 유통단지로 99
ok,대구 북구 학정동 370-5
ok,대구 북구 학정동 376-3
ok,대구 북구 칠성동2가 574-25
ok,대구 북구 침산동 117-10
ok,대구 북구 검단동 838-5
ok,대구 북구 칠성동2가 302-114
ok,대구 북구 칠성동2가 302-219
ok,대구 북구 서변동 1746-9
ok,대구 북구 서변동 1746
ok,대구 북구 동천동 891
ok,대구 북구 태전동 252-24
ok,대구 북구 태전동 1125
ok,대구 북구 사수동 771
ok,대구 북구 사수동 971
ok,대구 북구 태전동 986-21
ok,대구 북구 태전동 215-2
ok,대구 북구 사수동 976
ok,대구 북구 침산동 434-3
ok,대구 북구 옥산로 90
ok,대구 북구 사수동 788
ok,대구 북구 동천동 959
ok,대구 북구 동북로 345
ok,대구 북구 매전로 73
ok,대구 북구 산격동 1409-30
ok,대구 북구 대현동 316-1
ok,대구 북구 노원동1가 12-1
ok,대구 북구 침산동 447-15
ok,대구 북구 칠성동2가 723
ok,대구 북구 검단동 1128-2
ok,대구 북구 산격동 1235-23
ok,대구 북구 침산동 443-2
ok,대구 북구 산격동 1416-44
ok,대구 북구 침산동 295-18
ok,대구 북구 산격동 1407-16
ok,대구 북구 동천동 935-9
ok,대구 북구 구암동 789-2
ok,대구 북구 구암동 826-3
ok,대구 북구 구암동 826-1
ok,대구 북구 동천동 968
ok,대구 북구 동천동 907-8
ok,대구 북구 관음동 1400
ok,대구 북구 관음동 1402-6
ok,대구 북구 태전동 951-6
ok,대구 북구 동천동 897-1
ok,대구 북구 읍내동 1297-16
ok,대구 북구 사수동 793
ok,대구 북구 노곡동 281-2
ok,대구 북구 침산동 123-1
ok,대구 북구 대현동 319-2
ok,대구 북구 칠성동2가 302-239
ok,대구 북구 칠성동2가 307-4
ok,대구 북구 대현동 316-3
ok,대구 북구 침산동 317-5
ok,대구 북구 동변동 684
ok,대구 북구 침산동 507-22
ok,대구 북구 학정동 452-3
ok,대구 북구 국우동 1099-7
ok,대구 북구 구암동 670-6
ok,대구 북구 구암동 830-3
ok,대구 북구 구암동 801
ok,대구 북구 구암동 801
ok,대구 북구 구암동 801
ok,대구 북구 태전동 252-1
ok,대구 북구 관음동 1378-8
ok,대구 북구 침산동 117-10
ok,대구 북구 연경동 962-3
ok,대구 북구 고성동3가 72
ok,대구 북구 침산동 332-34
ok,대구 북구 칠성동2가 378-4
ok,대구 북구 산격동 1407-16
ok,대구 북구 복현동 539-151
ok,대구 북구 칠성동2가 369-1
ok,대구 북구 칠성동2가 369-1
ok,대구 북구 동천동 947-17
ok,대구 북구 서변동 1759-7
ok,대구 북구 태전동 332-3
ok,대구 북구 태전동 51-10
ok,대구 북구 태전동 1025
ok,대구 북구 관음동 1284-9
ok,대구 북구 구암동 663-9
ok,대구 북구 태전동 987-10
ok,대구 북구 태전동 1125
ok,대구 북구 구암동 773
ok,대구 북구 팔달동 73-4
ok,대구 북구 동천동 900-2
ok,대구 북구 동천동 896-1
ok,대구 북구 동천동 898-5
ok,대구 북구 동천동 910-4
ok,대구 북구 동천동 895-4
ok,대구 북구 동천로 129-16
ok,대구 북구 관음동 351-9
ok,대구 북구 노원동3가 981-8
ok,대구 북구 중앙대로 524
ok,대구 북구 복현로 71
ok,대구 북구 대현동 199-10
ok,대구 북구 복현동 694
ok,대구 북구 동변동 694
ok,대구 북구 침산동 1-2
ok,대구 북구 산격동 478-25
ok,대구 북구 태전동 1074-5
ok,대구 북구 태전동 987-19
ok,대구 북구 태전동 989-6
ok,대구 북구 태전동 422-27
ok,대구 북구 동천동 874-4
ok,대구 북구 동천동 875
ok,대구 북구 동천동 876
ok,대구 북구 읍내동 1031-1
ok,대구 북구 구암동 824-12
ok,대구 북구 동천동 912-3
ok,대구 북구 태전동 1030
ok,대구 북구 침산남로 23-
ok,대구 북구 오봉로 115
ok,대구 북구 중앙대로 590
ok,대구 북구 국우동 1126-1
ok,대구 북구 학정동로 40
ok,대구 북구 칠성동2가 378-27
ok,대구 북구 동천동 959-4
ok,대구 북구 동변동 686-9
ok,대구 북구 동변동 690-19
ok,대구 북구 동변동 690-19
ok,대구 북구 동변동 690-17
ok,대구 북구 서변동 1787-10
ok,대구 북구 고성동2가 2-1
ok,대구 북구 산격동 172-1
ok,대구 북구 칠성동1가 46
ok,대구 북구 침산동 1761
ok,대구 북구 고성동3가 72
ok,대구 북구 산격동 478-26
ok,대구 북구 대현동 500-37
ok,대구 북구 읍내동 820-8
ok,대구 북구 동천동 955-1
ok,대구 북구 구암동 789-6
ok,대구 북구 구암동 789-6
ok,대구 북구 팔달동 27
ok,대구 북구 금호동 555
ok,대구 북구 칠성남로 150
ok,대구 북구 검단동 1393
ok,대구 북구 산격동 487-40
ok,대구 북구 복현로 115
ok,대구 북구 대학로 135
ok,대구 북구 동북로 131
ok,대구 북구 산격동 1781
ok,대구 북구 산격동 1399-9
ok,대구 북구 태전동 993-4
ok,대구 북구 태전동 993-13
ok,대구 북구 학정동 940-1
ok,대구 북구 태전동 995-14
ok,대구 북구 관음동 809-2
ok,대구 북구 읍내동 1341
ok,대구 북구 복현로 140
ok,대구 북구 산격동 1623
ok,대구 북구 매천로 179
ok,대구 북구 산격동 14-45
ok,대구 북구 검단로 255
ok,대구 북구 침산동 265-2
ok,대구 북구 칠곡중앙대로 298
ok,대구 북구 동북로 244
ok,대구 북구 원대로 50
ok,대구 북구 동변동 662-3
ok,대구 북구 동변동 664
ok,대구 북구 동변동 668
ok,대구 북구 고성동3가 84-2
ok,대구 북구 산격동 1658
ok,대구 북구 칠성동2가 404-8
ok,대구 북구 복현동 76-1
ok,대구 북구 노원동3가 523-3
ok,대구 북구 칠성동2가 42-9
ok,대구 북구 산격동 1409
ok,대구 북구 동변동 662-8
ok,대구 북구 검단동 679-8
ok,대구 북구 학정동 921-5
ok,대구 북구 관음동 1275-7
ok,대구 북구 구암동 767-2
ok,대구 북구 동천동 897-3
ok,대구 북구 동천동 901-1
ok,대구 북구 동천동 928-2
ok,대구 북구 대현동 274-65
ok,대구 북구 서변동 1630-237
ok,대구 북구 고성로 141
ok,대구 북구 오봉로 83
ok,대구 북구 오봉로 155
ok,대구 북구 학정동 804
ok,대구 북구 침산동 1663-354
ok,대구 북구 동천로 138-8
ok,대구 북구 구암동 761-1
ok,대구 북구 구암동 790-6
ok,대구 북구 산격동 1416-44
ok,대구 북구 대학로 80
ok,대구 북구 침산동 105-83
ok,대구 북구 노원동3가 776-3
ok,대구 북구 산격동 1288-1
ok,대구 북구 칠성동2가 302-315
ok,대구 북구 칠성동2가 142-15
ok,대구 북구 복현동 428-1
ok,대구 북구 대현동 481-16
ok,대구 북구 복현동 539-111
ok,대구 북구 관음동 1345-12
ok,대구 북구 읍내동 1366-2
ok,대구 북구 태전동 180-8
ok,대구 북구 태전동 253-12
ok,대구 북구 동천동 897-9
ok,대구 북구 태전동 1074-2
ok,대구 북구 산격동 1417
ok,대구 북구 서변동 1764
ok,대구 북구 동변동 662
ok,대구 북구 서변동 1787
ok,대구 북구 산격동 1429-17
ok,대구 북구 태전동 205-7
ok,대구 북구 관음동 1370
ok,대구 북구 학정동 963-4
ok,대구 북구 관음동 1329-9
ok,대구 북구 태전동 253-5
ok,대구 북구 태전동 964-10
ok,대구 북구 노원동3가 236-8
ok,대구 북구 동변동 687-13
ok,대구 북구 산격동 1804
ok,대구 북구 칠성동1가 219-1
ok,대구 북구 산격동 288-1
ok,대구 북구 태전동 1003-15
ok,대구 북구 사수동 962
ok,대구 북구 사수동 997
ok,대구 북구 구암동 688-2
ok,대구 북구 태전동 969-27
ok,대구 북구 태전동 983-5
ok,대구 북구 관음동 1323
ok,대구 북구 관음동 1319-18
ok,대구 북구 구암동 797-2
ok,대구 북구 산격동 1444-1
ok,대구 북구 태전로 117
ok,대구 북구 학정동 산 24
ok,대구 북구 칠성동2가 344-2
ok,대구 북구 산격로 106-5
ok,대구 북구 칠성동1가 16
ok,대구 북구 학정동 469-9
ok,대구 북구 검단동 1128-63
ok,대구 북구 서변동 1788-7
ok,대구 북구 서변동 1770
ok,대구 북구 서변동 1779-1
ok,대구 북구 산격동 1817
ok,대구 북구 산격동 1312-5
ok,대구 북구 칠성동2가 20-1
ok,대구 북구 침산동 1056
ok,대구 북구 침산동 476-38
ok,대구 북구 복현동 402-8
ok,대구 북구 읍내동 1303
ok,대구 북구 읍내동 679-4
ok,대구 북구 동천동 907-7
ok,대구 북구 팔달동 83-3
ok,대구 북구 관음동 1343-17
ok,대구 북구 읍내동 426-18
ok,대구 북구 관음동 1237
ok,대구 북구 동천동 959-1
ok,대구 북구 동천동 911-4
ok,대구 북구 동천동 909-1
ok,대구 북구 서변동 1630-1
ok,대구 북구 서변동 1725
ok,대구 북구 서변동 1747
ok,대구 북구 산격동 755-14
ok,대구 북구 노원동3가 252-5
ok,대구 북구 산격동 1001
ok,대구 북구 산격동 1671
ok,대구 북구 서변동 1721
ok,대구 북구 구리로 29
ok,대구 북구 읍내동 1310
ok,대구 북구 칠성동2가 296-3
ok,대구 북구 칠성동2가 409-26
ok,대구 북구 학정동 373-2
ok,대구 북구 호국로 807
ok,대구 북구 동변동 669-6
ok,대구 북구 동변동 684-20
ok,대구 북구 침산동 508-30
ok,대구 북구 노원동3가 1227
ok,대구 북구 팔달동 72-8
ok,대구 북구 매천동 702
ok,대구 북구 구암동 826-4
ok,대구 북구 학정동 926-5
ok,대구 북구 동천동 908-4
ok,대구 북구 태전동 255-9
ok,대구 북구 관음동 1323
ok,대구 북구 신천동로 652-34
ok,대구 북구 칠성동2가 711
ok,대구 북구 서변동 1739-7
ok,대구 북구 동변동 662-17
ok,대구 북구 고성동1가 50-24
ok,대구 북구 동변동 678
ok,대구 북구 노원동3가 1001-5
ok,대구 북구 고성동3가 28-3
ok,대구 북구 노원동3가 1002
ok,대구 북구 서변동 1762-8
ok,대구 북구 학정동 950
ok,대구 북구 읍내동 1234-7
ok,대구 북구 관음동 1368
ok,대구 북구 태전동 1029-7
ok,대구 북구 태전동 999-2
ok,대구 북구 학정동 941-1
ok,대구 북구 동천동 950
ok,대구 북구 동천동 896-5
ok,대구 북구 동천동 899-2
ok,대구 북구 동천동 895-1
ok,대구 북구 노원동3가 201-1
ok,대구 북구 침산동 332-10
ok,대구 북구 칠성동1가 213
ok,대구 북구 동변동 684-20
ok,대구 북구 침산동 329-2
ok,대구 북구 노원동2가 298-2
ok,대구 북구 읍내동 1336-9
ok,대구 북구 동천동 906-4
ok,대구 북구 읍내동 1334-10
ok,대구 북구 관음동 1383-1
ok,대구 북구 태전동 1029-6
ok,대구 북구 관음동 1373
ok,대구 북구 구암동 815-13
ok,대구 북구 구암동 788
ok,대구 북구 동천동 891
ok,대구 북구 학정동 980
ok,대구 북구 학정동 939-3
ok,대구 북구 학정동 938-12
ok,대구 북구 동변동 686-2
ok,대구 북구 동변동 674-16
ok,대구 북구 산격동 1409-35
ok,대구 북구 산격동 1440-1
ok,대구 북구 노원동3가 1052-2
ok,대구 북구 고성동3가 6-97
ok,대구 북구 고성동2가 109-12
ok,대구 북구 고성동3가 6-324
ok,대구 북구 서변동 1759-11
ok,대구 북구 서변동 1742-12
ok,대구 북구 산격동 1411-21
ok,대구 북구 연경동 960
ok,대구 북구 고성동2가 112-64
ok,대구 북구 동천동 891
ok,대구 북구 동천동 890
ok,대구 북구 읍내동 782-2
ok,대구 북구 구암동 695-1
ok,대구 북구 관음동 1400-2
ok,대구 북구 관음동 1360-25
ok,대구 북구 동천동 963-13
ok,대구 북구 동천동 891-1
ok,대구 북구 침산동 105-1
ok,대구 북구 노원동3가 1001-14
ok,대구 북구 사수동 953
ok,대구 북구 산격동 1676
ok,대구 북구 칠성동2가 732
ok,대구 북구 칠성동2가 527-22
ok,대구 북구 서변동 1770
ok,대구 북구 산격동 1817
ok,대구 북구 팔달동 83-3
ok,대구 북구 읍내동 1351
ok,대구 북구 동천동 953-1
ok,대구 북구 태전동 209-11
ok,대구 북구 고성동3가 46
ok,대구 북구 칠성동2가 307-4
ok,대구 북구 침산동 402
ok,대구 북구 산격동 283
ok,대구 북구 동천동 954-4
ok,대구 북구 동천동 952-3
ok,대구 북구 태전동 254-16
ok,대구 북구 동천동 928-10
ok,대구 북구 학정동 937-1
ok,대구 북구 학정동 937-21
ok,대구 북구 학정동 947-16
ok,대구 북구 복현동 225
ok,대구 북구 칠성동2가 723
ok,대구 북구 서변동 1725
ok,대구 북구 서변동 1725
ok,대구 북구 산격동 1417-8
ok,대구 북구 매천동 527-3
ok,대구 북구 관음동 1247-2
ok,대구 북구 동천동 954-4
ok,대구 북구 태전동 155-2
ok,대구 북구 사수동 962
ok,대구 북구 관음동 1383-2
ok,대구 북구 동천동 916-1
ok,대구 북구 태전동 252-2
ok,대구 북구 동천동 932-1
ok,대구 북구 동천동 899-1
ok,대구 북구 동천동 901-2
ok,대구 북구 동천동 892-3
ok,대구 북구 동천동 907-1
ok,대구 북구 관음동 1383-1
ok,대구 북구 칠성동2가 726
ok,대구 북구 침산동 561
ok,대구 북구 산격동 1220-6
ok,대구 북구 서변동 1740
ok,대구 북구 칠성동1가 195
ok,대구 북구 산격동 1668
ok,대구 북구 산격동 489-21
ok,대구 북구 대현동 190-18
ok,대구 북구 복현동 694
ok,대구 북구 복현동 376-3
ok,대구 북구 고성동3가 6-27
ok,대구 북구 노원동1가 329
ok,대구 북구 복현동 479-1
ok,대구 북구 산격동 1781
ok,대구 북구 국우동 1079
ok,대구 북구 동천동 955-3
ok,대구 북구 태전동 614-4
ok,대구 북구 태전동 209-11
ok,대구 북구 고성동3가 145
ok,대구 북구 복현동 338-8
ok,대구 북구 칠성동1가 219-1
ok,대구 북구 관음동 1389
ok,대구 북구 태전동 614-1
ok,대구 북구 구암동 766
ok,대구 북구 태전동 1023-12
ok,대구 북구 구암동 668-6
ok,대구 북구 매천동 712
ok,대구 북구 구암동 815-8
ok,대구 북구 관음동 1300
ok,대구 북구 구암동 815-7
ok,대구 북구 관음동 1347-12
ok,대구 북구 검단동 128-3
ok,대구 북구 고성동1가 153-8
ok,대구 북구 침산동 1757
ok,대구 북구 읍내동 652-5
ok,대구 북구 태전동 1107
ok,대구 북구 태전동 1124
ok,대구 북구 읍내동 1274
ok,대구 북구 동변동 682
ok,대구 북구 침산동 431-2
ok,대구 북구 노원동1가 358
ok,대구 북구 산격동 500-1
ok,대구 북구 연경동 931
ok,대구 북구 고성동3가 2
ok,대구 북구 서변동 1751-9
ok,대구 북구 태전동 1035-6
ok,대구 북구 읍내동 632
ok,대구 북구 동변동 660
ok,대구 북구 서변동 1764
ok,대구 북구 서변동 1727-7
ok,대구 북구 노원동3가 685
ok,대구 북구 칠성동2가 302-278
ok,대구 북구 관음동 1378-5
ok,대구 북구 관음동 1257-11
ok,대구 북구 동천동 896-2
ok,대구 북구 관음동 1233-20
ok,대구 북구 칠성동2가 734
ok,대구 북구 고성동3가 5-128
ok,대구 북구 고성동2가 61-1
ok,대구 북구 복현동 335-
ok,대구 북구 복현동 335-1
ok,대구 북구 대현동 247
ok,대구 북구 조야동 287-35
ok,대구 북구 대현동 439-36
ok,대구 북구 고성동2가 110-9
ok,대구 북구 고성동3가 6-211
ok,대구 북구 고성동3가 56-2
ok,대구 북구 관음동 1323-8
ok,대구 북구 태전동 1067-3
ok,대구 북구 동천동 911-5
ok,대구 북구 동변동 683
ok,대구 북구 동변동 682
ok,대구 북구 태전동 255-12
ok,대구 북구 태전동 297-3
ok,대구 북구 동변동 700
ok,대구 북구 읍내동 375
ok,대구 북구 학정동 921-10
ok,대구 북구 태전동 987-10
ok,대구 북구 매천동 618-55
ok,대구 북구 원대로 118
ok,대구 북구 원대로 130
ok,대구 북구 구암동 832-2
ok,대구 북구 금호동 714
ok,대구 북구 금호동 927
ok,대구 북구 침산동 13-5
ok,대구 북구 학정동 989-20
ok,대구 북구 고성동3가 5-129
ok,대구 북구 동변동 668-15
ok,대구 북구 서변동 1727-7
ok,대구 북구 산격동 1416-57
ok,대구 북구 대현동 498-9
ok,대구 북구 고성동3가 6-244
ok,대구 북구 고성동3가 5-57
ok,대구 북구 구암동 656-10
ok,대구 북구 국우동 1126-3
ok,대구 북구 읍내동 1281-7
ok,대구 북구 읍내동 455-4
ok,대구 북구 읍내동 473-1
ok,대구 북구 읍내동 438-37
ok,대구 북구 읍내동 438-37
ok,대구 북구 학정동 산 33-1
ok,대구 북구 대현로 61
ok,대구 북구 침산동 543-4
ok,대구 북구 대학로 121-1
ok,대구 북구 학정로 515
ok,대구 북구 동북로 228
ok,대구 북구 서변동 1732-8
ok,대구 북구 서변동 1750-8
ok,대구 북구 침산동 117019
ok,대구 북구 침산동 123-3
ok,대구 북구 칠성동2가 302-70
ok,대구 북구 산격동 1338-1
ok,대구 북구 동천동 952-4
ok,대구 북구 구암동 816-1
ok,대구 북구 태전동 993-10
ok,대구 북구 동천동 951-1
ok,대구 북구 동천동 900-2
ok,대구 북구 동천동 898-1
ok,대구 북구 관음동로 87
ok,대구 북구 학정동 144
ok,대구 북구 칠성동2가 661
ok,대구 북구 산격동 1681
ok,대구 북구 대현남로2길 신광교회 주차장 입구
ok,대구 북구 동변동 662-4
ok,대구 북구 노원동3가 728
ok,대구 북구 고성동1가 104-46
ok,대구 북구 산격동 1696
ok,대구 북구 산격동 1706
ok,대구 북구 연경동 954-3
ok,대구 북구 동변동 662
ok,대구 북구 산격동 1321-8
ok,대구 북구 조야동 93-39
ok,대구 북구 동변동 669-5
ok,대구 북구 대현동 392-22
ok,대구 북구 대현동 270-8
ok,대구 북구 노원동3가 1006-3
ok,대구 북구 노원동 3가 1022
ok,대구 북구 사수동 909
ok,대구 북구 팔달동 72-1
ok,대구 북구 동천동 897-7
ok,대구 북구 동천동 900-1
ok,대구 북구 동천동 903-4
ok,대구 북구 동천동 905-3
ok,대구 북구 동천동 910-1
ok,대구 북구 복현로 130
ok,대구 북구 침산동 449-5
ok,대구 북구 구암동 695-7
ok,대구 북구 노원로 165
ok,대구 북구 침산동 431-1
ok,대구 북구 노원로 206-1
ok,대구 북구 구암동 789-5
ok,대구 북구 태전동 940-9
ok,대구 북구 태전동 1029-6
ok,대구 북구 태전동 1074-26
ok,대구 북구 연경동 951
ok,대구 북구 사수동 803
ok,대구 북구 관음동 1323-10
ok,대구 북구 읍내동 1332-5
ok,대구 북구 읍내동 1334-8
ok,대구 북구 구암동 765-6
ok,대구 북구 서변동 1756-8
ok,대구 북구 산격동 1560
ok,대구 북구 검단동 936-49
ok,대구 북구 고성동2가 76
ok,대구 북구 서변로 26
ok,대구 북구 동변동 659
ok,대구 북구 침산동 335-3
ok,대구 북구 고성동1가 50-212
ok,대구 북구 칠성동2가 302-139
ok,대구 북구 고성동2가 122-1
ok,대구 북구 산격동 1440-1
ok,대구 북구 산격동 492-47
ok,대구 북구 침산동 416-4
ok,대구 북구 복현동 336-21
ok,대구 북구 대현동 112-42
ok,대구 북구 복현동 467-1
ok,대구 북구 고성동1가 112-3
ok,대구 북구 고성동2가 110-10
ok,대구 북구 노원동1가 366-1
ok,대구 북구 산격동 1240-1
ok,대구 북구 침산동 317-7
ok,대구 북구 노원동3가 1006-3
ok,대구 북구 학정동 984
ok,대구 북구 태전동 252-1
ok,대구 북구 태전동 271-2
ok,대구 북구 태전동 254-10
ok,대구 북구 관음동 1402-8
ok,대구 북구 매천동 690
ok,대구 북구 사수동 787
ok,대구 북구 관음동 1268-23
ok,대구 북구 동천동 891-1
ok,대구 북구 학정동 938-5
ok,대구 북구 학정동 946-1
ok,대구 북구 서변동 1762-7
ok,대구 북구 칠성동1가 151-3
ok,대구 북구 침산동 105-4
ok,대구 북구 산격동 500-53
ok,대구 북구 관음동 1323-9
ok,대구 북구 동천동 904-4
ok,대구 북구 관음동 809-4
ok,대구 북구 읍내동 1345
ok,대구 북구 태전동 151-9
ok,대구 북구 팔달동 52-3
ok,대구 북구 동천동 894-1
ok,대구 북구 동천동 889-2
ok,대구 북구 동천동 953-2
ok,대구 북구 읍내동 1295-6
ok,대구 북구 산격동 485-2
ok,대구 북구 침산동 449-18
ok,대구 북구 서변동 1740-2
ok,대구 북구 관음로 18
ok,대구 북구 영송로 52-14
ok,대구 북구 동암로 128
ok,대구 북구 노원로 111
ok,대구 북구 산격동 1490-8
ok,대구 북구 산격동 1430-25
ok,대구 북구 서변동 1793
ok,대구 북구 복현동 419-34
ok,대구 북구 침산동 295-3
ok,대구 북구 서변동 1736-7
ok,대구 북구 고성동3가 6-20
ok,대구 북구 읍내동 1274
ok,대구 북구 읍내동 1140
ok,대구 북구 읍내동 1338
ok,대구 북구 읍내동 1378
ok,대구 북구 읍내동 1402-6
ok,대구 북구 관음동 1300
ok,대구 북구 동천동 959-2
ok,대구 북구 학정동 945-18
ok,대구 북구 호암로 51
ok,대구 북구 매전로 70
ok,대구 북구 태전동 1106-1
ok,대구 북구 대학로 135
ok,대구 북구 산격동 454-1
ok,대구 북구 대현동 257-9
ok,대구 북구 사수동 961
ok,대구 북구 서변동 1779-11
ok,대구 북구 사수동 952
ok,대구 북구 사수동 952
ok,대구 북구 산격동 485-2
ok,대구 북구 태전동 254
ok,대구 북구 구암동 673
ok,대구 북구 동천동 906-4
ok,대구 북구 태전동 951-6
ok,대구 북구 읍내동 460-11
ok,대구 북구 읍내동 438-3
ok,대구 북구 읍내동 431-5
ok,대구 북구 대현동 502-1
ok,대구 북구 침산동 279-2
ok,대구 북구 산격동 1444-4
ok,대구 북구 연암로 40
ok,대구 북구 매천동 691
ok,대구 북구 관음동 1232
ok,대구 북구 구암동 761-3
ok,대구 북구 구암동 761-3
ok,대구 북구 동천동 959-4
ok,대구 북구 태전동 1139
ok,대구 북구 팔달동 27
ok,대구 북구 구암동 797-8
ok,대구 북구 동천동 963-2
ok,대구 북구 매천동 356
ok,대구 북구 구암동 780-11
ok,대구 북구 구암동 788
ok,대구 북구 노원동2가 309-3
ok,대구 북구 칠성동1가 276-186
ok,대구 북구 서변동 1780
ok,대구 북구 산격동 1772
ok,대구 북구 서변동 1759-10
ok,대구 북구 침산동 449-16
ok,대구 북구 연경동 943
ok,대구 북구 고성동3가 6-248
ok,대구 북구 고성동3가 2-1
ok,대구 북구 태전동 529
ok,대구 북구 복현로 37
ok,대구 북구 동북로 162
ok,대구 북구 노원로 69
ok,대구 북구 대현동 270-2
ok,대구 북구 서변동 1779
ok,대구 북구 서변동 1779
ok,대구 북구 칠성동2가 733
ok,대구 북구 침산동 503-9
ok,대구 북구 산격동 1304-15
ok,대구 북구 칠성동2가 89-1
ok,대구 북구 태전동 628-5
ok,대구 북구 태전동 1103
ok,대구 북구 동천동 955-2
ok,대구 북구 관음동 1319-18
ok,대구 북구 동천동 896
ok,대구 북구 읍내동 789-3
ok,대구 북구 동천동 909-1
ok,대구 북구 동천동 904-4
ok,대구 북구 읍내동 1351
ok,대구 북구 태전동 1066
ok,대구 북구 구암동 824-11
ok,대구 북구 구암동 781
ok,대구 북구 팔달동 73-4
ok,대구 북구 칠성동2가 71-8
ok,대구 북구 산격동 1672
ok,대구 북구 서변동 941
ok,대구 북구 서변동 1749
ok,대구 북구 서변동 974-4
ok,대구 북구 서변동 1754-8
ok,대구 북구 서변동 1755-7
ok,대구 북구 산격동 1235-23
ok,대구 북구 서변동 1738-10
ok,대구 북구 칠성동2가 733
ok,대구 북구 복현동 402-8
ok,대구 북구 동천동 923-1
ok,대구 북구 팔달동 83-2
ok,대구 북구 읍내동 1300-8
ok,대구 북구 관음동 1241-23
ok,대구 북구 구암동 688-6
ok,대구 북구 국우동 1101-21
ok,대구 북구 복현동 460-6
ok,대구 북구 복현동 479-1
ok,대구 북구 검단동 1128-2
ok,대구 북구 침산동 400-1
ok,대구 북구 침산동 133-40
ok,대구 북구 침산동 133-58
ok,대구 북구 칠성동2가 302-210
ok,대구 북구 서변동 1741-3
ok,대구 북구 서변동 1796
ok,대구 북구 태전동 1074-6
ok,대구 북구 매천동 690
ok,대구 북구 태전동 253-14
ok,대구 북구 노원동3가 1006-9
ok,대구 북구 침산동 285-10
ok,대구 북구 복현동 340-30
ok,대구 북구 침산동 133-76
ok,대구 북구 산격동 1419-1
ok,대구 북구 서변동 1727-11
ok,대구 북구 산격동 1545-1
ok,대구 북구 칠성동2가 168-13
ok,대구 북구 대현동 439-4
ok,대구 북구 칠성동1가 29-3
ok,대구 북구 서변동 1795
ok,대구 북구 동변동 684-21
ok,대구 북구 동천동 955-5
ok,대구 북구 구암동 816-2
ok,대구 북구 동천동 916-2
ok,대구 북구 동천동 908-7
ok,대구 북구 학정동 940-4
ok,대구 북구 학정동 944-2
ok,대구 북구 구암동 656-11
ok,대구 북구 산격동 1744
ok,대구 북구 칠성시장로 9
ok,대구 북구 침산로 247
ok,대구 북구 칠곡중앙대로 349
ok,대구 북구 대천로 3-9
ok,대구 북구 동천동 915-1
ok,대구 북구 관음동 1243
ok,대구 북구 동천동 903-1
ok,대구 북구 노원동3가 373-2
ok,대구 북구 연경동 923
ok,대구 북구 침산동 198-1
ok,대구 북구 노원동3가 10014-14
ok,대구 북구 칠성동1가 275-3
ok,대구 북구 칠성로 73
ok,대구 북구 침산동 1208
ok,대구 북구 학남로 10
ok,대구 북구 동천동 945-1
ok,대구 북구 동천동 942-1
ok,대구 북구 동천동 942-17
ok,대구 북구 구암동 655  힝단보도
ok,대구 북구 관음동 1319-9
ok,대구 북구 태전동 1066
ok,대구 북구 태전동 1025-8
ok,대구 북구 태전동 1029-5
ok,대구 북구 읍내동 1357-16
ok,대구 북구 구암동 789-4
ok,대구 북구 태전동 532-4
ok,대구 북구 서변동 1739
ok,대구 북구 고성동1가 110-31
ok,대구 북구 관음동 1257-11
ok,대구 북구 산격동 707
ok,대구 북구 복현동 335-1
ok,대구 북구 고성동2가 102-6
ok,대구 북구 칠성동2가 83-3
ok,대구 북구 칠성동2가 82-3
ok,대구 북구 서변동 1794
ok,대구 북구 침산동 1208
ok,대구 북구 대현동 337-60
ok,대구 북구 동암로 11
ok,대구 북구 읍내동 473-5
ok,대구 북구 산격동 1228-1
ok,대구 북구 노원동1가 342
ok,대구 북구 산격동 1400-12
ok,대구 북구 태전동 999-2
ok,대구 북구 읍내동 354
ok,대구 북구 매천동 671
ok,대구 북구 읍내동 430
ok,대구 북구 동천동 896-4
ok,대구 북구 구암동 693-4
ok,대구 북구 동천동 905-1
ok,대구 북구 동천동 904-1
ok,대구 북구 매천동 산 87-3
ok,대구 북구 침산동 1662-20
ok,대구 북구 침산동 25-52
ok,대구 북구 칠성동2가 302-398
ok,대구 북구 동변로 50
ok,대구 북구 산격동 1490
ok,대구 북구 복현동 702
ok,대구 북구 서변동 1740-3
ok,대구 북구 동변동 668-15
ok,대구 북구 동변동 668
ok,대구 북구 산격동 1269-26
ok,대구 북구 노원동3가 781
ok,대구 북구 관음동 1237-10
ok,대구 북구 구암동 649-4
ok,대구 북구 구암동 788
ok,대구 북구 읍내동 1201-1
ok,대구 북구 태전동 984
ok,대구 북구 읍내동 1171
ok,대구 북구 동천동 903-2
ok,대구 북구 산격동 1498-201
ok,대구 북구 산격동 1444-1
ok,대구 북구 구암동 649-4
ok,대구 북구 사수동 836
ok,대구 북구 태전동 256-12
ok,대구 북구 서변동 1739
ok,대구 북구 서변동 1729
ok,대구 북구 침산동 999
ok,대구 북구 산격동 1718
ok,대구 북구 서변동 1792
ok,대구 북구 산격동 1621
ok,대구 북구 침산동 260-2
ok,대구 북구 칠성동2가 378-21
ok,대구 북구 관음동 1367-1
ok,대구 북구 팔달동 88-5
ok,대구 북구 태전동 1068-2
ok,대구 북구 구암동 137
ok,대구 북구 구암동 686
ok,대구 북구 동북로 345
ok,대구 북구 팔달로 92
ok,대구 북구 침산남로 215
ok,대구 북구 산격동 478-53
ok,대구 북구 복현동 539-1
ok,대구 북구 산격동 1616
ok,대구 북구 서변동 1732-15
ok,대구 북구 침산동 369-2
ok,대구 북구 서변동 1775
ok,대구 북구 동변동 669-5
ok,대구 북구 침산동 620-3
ok,대구 북구 산격동 1416-49
ok,대구 북구 산격동 1399-11
ok,대구 북구 서변동 1789
ok,대구 북구 팔달동 52
ok,대구 북구 태전동 1025
ok,대구 북구 태전동 908-3
ok,대구 북구 금호동 807
ok,대구 북구 구암동 816-1
ok,대구 북구 구암동 793-7
ok,대구 북구 학정동 976-2
ok,대구 북구 국우동 1113-1
ok,대구 북구 국우동 1112
ok,대구 북구 산격3동 산격시장 대구은
ok,대구 북구 국우동 300-3
ok,대구 북구 매전로 70
ok,대구 북구 산격동 1498-4
ok,대구 북구 산격동 1497-45
ok,대구 북구 복현동 265-1
ok,대구 북구 침산동 332-10
ok,대구 북구 대현동 390-9
ok,대구 북구 읍내동 1234-44
ok,대구 북구 구암동 695
ok,대구 북구 태전동 1025-16
ok,대구 북구 태전동 1081
ok,대구 북구 동천동 954-4
ok,대구 북구 동천동 906-3
ok,대구 북구 읍내동 1234-123
ok,대구 북구 관음동 1317-12
ok,대구 북구 구암동 678-12
ok,대구 북구 학정동 939-3
ok,대구 북구 서변동 1801
ok,대구 북구 동천동 912-3
ok,대구 북구 동천동 970-3
ok,대구 북구 구암동 688-7
ok,대구 북구 읍내동 1351-2
ok,대구 북구 구암동 655-4
ok,대구 북구 동천동 910-1
ok,대구 북구 학정동 979
ok,대구 북구 학정동 967-1
ok,대구 북구 학정동 948-7
ok,대구 북구 복현동 318
ok,대구 북구 침산동 557-299
ok,대구 북구 침산동 557-223
ok,대구 북구 칠성동1가 192-2
ok,대구 북구 복현동 225
ok,대구 북구 복현동 38-35
ok,대구 북구 침산동 265-11
ok,대구 북구 칠성동2가 302-139
ok,대구 북구 침산동 480-29
ok,대구 북구 칠성동2가 55-3
ok,대구 북구 복현동 360-46
ok,대구 북구 복현동 539-16
ok,대구 북구 읍내동 313-10
ok,대구 북구 노원동3가 1207
ok,대구 북구 칠곡중앙대로 312
ok,대구 북구 학정로 378
ok,대구 북구 연경동 923
ok,대구 북구 태전동 1023-13
ok,대구 북구 태전동 1107
ok,대구 북구 구암동 789-4
ok,대구 북구 국우동 719-1
ok,대구 북구 사수동 778
ok,대구 북구 동천동 954-6
ok,대구 북구 관음동 599
ok,대구 북구 관음동 1237-11
ok,대구 북구 관음동 1241-14
ok,대구 북구 구암동 788-2
ok,대구 북구 구암동 788-2
ok,대구 북구 산격동 1498-56
ok,대구 북구 산격동 1228-12
ok,대구 북구 동변동 493
ok,대구 북구 노원동2가 209-11
ok,대구 북구 침산동 430-4
ok,대구 북구 대천로 101
ok,대구 북구 칠성동2가 138-11
ok,대구 북구 복현동 401-3
ok,대구 북구 서변동 1778
ok,대구 북구 침산동 315-3
ok,대구 북구 노원동1가 334
ok,대구 북구 칠성동1가 176-26
ok,대구 북구 서변동 1759-9
ok,대구 북구 관음동 1308-9
ok,대구 북구 동천동 968
ok,대구 북구 태전동 1067-3
ok,대구 북구 동변동 697
ok,대구 북구 산격동 1197-86
ok,대구 북구 산격동 1674
ok,대구 북구 침산동 286-1
ok,대구 북구 칠성동1가 273-14
ok,대구 북구 산격동 1393-27
ok,대구 북구 연경동 923
ok,대구 북구 침산동 1676
ok,대구 북구 산격동 1428-10
ok,대구 북구 산격동 1428-12
ok,대구 북구 산격동 1674
ok,대구 북구 산격동 1674
ok,대구 북구 관음동 1243-2
ok,대구 북구 태전동 1198
ok,대구 북구 태전동 588-2
ok,대구 북구 구암동 765-1
ok,대구 북구 읍내동 1357-16
ok,대구 북구 동천동 940-5
ok,대구 북구 태전동 1105
ok,대구 북구 읍내동 1300-13
ok,대구 북구 사수동 940
ok,대구 북구 관음동 1340-1
ok,대구 북구 태전동 908-3
ok,대구 북구 학정동 971-4
ok,대구 북구 구암동 797-8
ok,대구 북구 읍내동 1236-47
ok,대구 북구 읍내동 471-1
ok,대구 북구 연경동 924
ok,대구 북구 침산동 335-3
ok,대구 북구 칠성동2가 302-94
ok,대구 북구 서변동 1745
ok,대구 북구 연경동 943
ok,대구 북구 복현동 447
ok,대구 북구 침산동 363-6
ok,대구 북구 칠성동2가 90
ok,대구 북구 복현동 38-41
ok,대구 북구 관음동 1231
ok,대구 북구 검단공단로 60-6
ok,대구 북구 복현로 13-1
ok,대구 북구 중앙대로 556-5
ok,대구 북구 복현동 318
ok,대구 북구 태전동 1151
ok,대구 북구 칠성동2가 409-24
ok,대구 북구 산격동 489-19
ok,대구 북구 산격동 1620
ok,대구 북구 고성동2가 108-11
ok,대구 북구 검단동 887-54
ok,대구 북구 서변동 1777
ok,대구 북구 노원동3가 681
ok,대구 북구 관음동 1233-20
ok,대구 북구 읍내동 1278-11
ok,대구 북구 읍내동 1300-10
ok,대구 북구 읍내동 495-1
ok,대구 북구 태전동 539-1
ok,대구 북구 동천동 951-1
ok,대구 북구 태전동 1115
ok,대구 북구 관음동 1323-1
ok,대구 북구 태전동 1195
ok,대구 북구 산격동 277-1
ok,대구 북구 침산동 341-1
ok,대구 북구 침산동 332-11
ok,대구 북구 복현동 38-77
ok,대구 북구 노원로 104
ok,대구 북구 침산로 138
ok,대구 북구 산격동 1575
ok,대구 북구 침산동 999
ok,대구 북구 고성동3가 5-144
ok,대구 북구 연경동 955
ok,대구 북구 칠성동2가 527-13
ok,대구 북구 산격동 1440-5
ok,대구 북구 대현동 407-12
ok,대구 북구 침산동 988-2
ok,대구 북구 동천동 969-9
ok,대구 북구 학정동 938-20
ok,대구 북구 태전동 974
ok,대구 북구 태전동 1110
ok,대구 북구 동천동 892-2
ok,대구 북구 사수동 831
ok,대구 북구 구암동 804
ok,대구 북구 학정동 930-1
ok,대구 북구 학정동 938-20
ok,대구 북구 노원동1가 18-5
ok,대구 북구 오봉로 93-10
ok,대구 북구 대학로 25
ok,대구 북구 국우동 75
ok,대구 북구 국우동 81-4
ok,대구 북구 학남로 60
ok,대구 북구 팔달로 67
ok,대구 북구 동천동 913
ok,대구 북구 태전동 158
ok,대구 북구 읍내동 1171
ok,대구 북구 동천동 902-2
ok,대구 북구 서변동 1756-15
ok,대구 북구 산격동 1202-1
ok,대구 북구 산격동 485-19
ok,대구 북구 침산동 1026-1
ok,대구 북구 서변동 1742-3
ok,대구 북구 서변동 1762-8
ok,대구 북구 서변동 1759-5
ok,대구 북구 연경동 987
ok,대구 북구 구암동 836-2
ok,대구 북구 읍내동 산 79-2
ok,대구 북구 읍내동 산 85-1
ok,대구 북구 읍내동 산 85-8
ok,대구 북구 복현동 318
ok,대구 북구 구암동 836
ok,대구 북구 서변동 1772
ok,대구 북구 서변동 747-1
ok,대구 북구 칠성동2가 302-231
ok,대구 북구 서변동 1751-17
ok,대구 북구 침산동 447-2
ok,대구 북구 복현동 209-1
ok,대구 북구 동변동 660
ok,대구 북구 국우동 1079
ok,대구 북구 사수동 833
ok,대구 북구 구암동 770-1
ok,대구 북구 학정동 989-17
ok,대구 북구 관음동 1347
ok,대구 북구 국우동 1100-11
ok,대구 북구 구암동 788
ok,대구 북구 침산동 415-13
ok,대구 북구 매천동 363
ok,대구 북구 매천동 200-1
ok,대구 북구 국우동 108-2
ok,대구 북구 국우동 112-1
ok,대구 북구 산격동 755-14
ok,대구 북구 노원동2가 386-5
ok,대구 북구 칠성동1가 136-18
ok,대구 북구 서변동 1739-15
ok,대구 북구 침산동 266-1
ok,대구 북구 침산동 402
ok,대구 북구 매천동 693
ok,대구 북구 구암동 688-6
ok,대구 북구 읍내동 1366-1
ok,대구 북구 구암동 673-15
ok,대구 북구 구암동 791-7
ok,대구 북구 관음동 1343-7
ok,대구 북구 관음동 1286-9
ok,대구 북구 태전동 1109
ok,대구 북구 동천동 918-7
ok,대구 북구 동변동 662-8
ok,대구 북구 침산동 498-4
ok,대구 북구 대현동 14-9
ok,대구 북구 침산동 133-40
ok,대구 북구 대현동 316-3
ok,대구 북구 침산동 265-8
ok,대구 북구 산격동 1411-56
ok,대구 북구 복현동 701
ok,대구 북구 산격동 1341-2
ok,대구 북구 침산동 198-2
ok,대구 북구 서변동 1763
ok,대구 북구 노원동2가 337
ok,대구 북구 노원동3가 182-2
ok,대구 북구 동변동 690-9
ok,대구 북구 구암동 653
ok,대구 북구 관음동 1378-5
ok,대구 북구 구암동 800-19
ok,대구 북구 구암동 655-2
ok,대구 북구 산격동 1427-1
ok,대구 북구 국우동 1123-3
ok,대구 북구 국우동 1079-2
ok,대구 북구 매천동 316-3
ok,대구 북구 칠성남로 179
ok,대구 북구 국우동 1125
ok,대구 북구 고성동1가 85-13
ok,대구 북구 검단동 838-52
ok,대구 북구 복현동 340-1
ok,대구 북구 검단동 911-4
ok,대구 북구 동천동 913
ok,대구 북구 국우동 1079-1
ok,대구 북구 서변동 1769
ok,대구 북구 태전동 993
ok,대구 북구 태전동 1083
ok,대구 북구 구암동 762-1
ok,대구 북구 매천동 727
ok,대구 북구 읍내동 1338
ok,대구 북구 구암동 789-4
ok,대구 북구 대현동 435-6
ok,대구 북구 대현동 332-3
ok,대구 북구 동변동 310-1
ok,대구 북구 침산동 308-9
ok,대구 북구 팔달동 130-1
ok,대구 북구 복현동 376-20
ok,대구 북구 서변동 1751-9
ok,대구 북구 서변동 1741-7
ok,대구 북구 산격동 1278-9
ok,대구 북구 침산동 649-2
ok,대구 북구 동변동 668-15
ok,대구 북구 칠성동2가 736
ok,대구 북구 서변동 1759-11
ok,대구 북구 침산동 649-2
ok,대구 북구 침산동 476-32
ok,대구 북구 관음동 207
ok,대구 북구 동천동 880-1
ok,대구 북구 동천동 917-8
ok,대구 북구 침산동 118-4
ok,대구 북구 산격동 1449-4
ok,대구 북구 읍내동 1348
ok,대구 북구 검단동 838-75
ok,대구 북구 산격동 799-1
ok,대구 북구 노원로 221
ok,대구 북구 학정동 474-12
ok,대구 북구 산격동 1643
ok,대구 북구 서변동 1779-2
ok,대구 북구 검단동 987-1
ok,대구 북구 침산동 1755
ok,대구 북구 칠성동1가 236
ok,대구 북구 학정동 974-5
ok,대구 북구 구암동 787-3
ok,대구 북구 학정동 966-4
ok,대구 북구 태전동 789-5
ok,대구 북구 구암동 770-2
ok,대구 북구 태전동 156-1
ok,대구 북구 복현동 234-5
ok,대구 북구 복현동 573-7
ok,대구 북구 고성동2가 131
ok,대구 북구 노원로 5
ok,대구 북구 서변동 1794
ok,대구 북구 노원동3가 373-2
ok,대구 북구 노원동3가 883
ok,대구 북구 칠성동2가 83-3
ok,대구 북구 검단동 1293-1
ok,대구 북구 검단동 887-54
ok,대구 북구 고성동3가 48-1
ok,대구 북구 매천동 718
ok,대구 북구 구암동 824-8
ok,대구 북구 태전동 1031
ok,대구 북구 침산동 508-30
ok,대구 북구 침산동 317-8
ok,대구 북구 고성동1가 93-12
ok,대구 북구 칠성남로 164
ok,대구 북구 대현동 340-4
ok,대구 북구 동변동 688-7
ok,대구 북구 산격동 1673
ok,대구 북구 산격동 1671
ok,대구 북구 고성동2가 112-3
ok,대구 북구 노원동3가 1022
ok,대구 북구 구암동 775-9
ok,대구 북구 국우동 1085
ok,대구 북구 관음동 196
ok,대구 북구 관음동 1275
ok,대구 북구 태전동 981-5
ok,대구 북구 태전동 1073-1
ok,대구 북구 태전동 1029-4
ok,대구 북구 태전동 1035-6
ok,대구 북구 읍내동 814
ok,대구 북구 동천동 933-1
ok,대구 북구 읍내동 1031-1
ok,대구 북구 사수동 1008
ok,대구 북구 구암동 833
ok,대구 북구 산격동 1457-2
ok,대구 북구 침산동 309-5
ok,대구 북구 침산동 133-40
ok,대구 북구 산격동 1327-1
ok,대구 북구 칠성동2가 181-11
ok,대구 북구 서변동 1759-6
ok,대구 북구 대현동 227-16
ok,대구 북구 침산동 434-7
ok,대구 북구 산격동 418-1
ok,대구 북구 서변동 1787-10
ok,대구 북구 노원동3가 62-3
ok,대구 북구 대현동 435-107
ok,대구 북구 태전동 216-6
ok,대구 북구 태전동 215-2
ok,대구 북구 동천동 969-8
ok,대구 북구 구암동 653-4
ok,대구 북구 태전동 608-25
ok,대구 북구 태전동 1081
ok,대구 북구 구암동 765-1
ok,대구 북구 사수동 825
ok,대구 북구 동천동 875-1
ok,대구 북구 매천동 741
ok,대구 북구 고성로 159-9
ok,대구 북구 태전동 937
ok,대구 북구 태전동 1106-1
ok,대구 북구 사수동 833
ok,대구 북구 태전동 1215
ok,대구 북구 읍내동 789-8
ok,대구 북구 매천동 302
ok,대구 북구 태전동 999-2
ok,대구 북구 태전동 532-6
ok,대구 북구 읍내동 1366-2
ok,대구 북구 관음동 1297-2
ok,대구 북구 학정동 938-15
ok,대구 북구 산격동 산 74-16
ok,대구 북구 서변동 1794
ok,대구 북구 서변동 1772
ok,대구 북구 칠성동2가 409-10
ok,대구 북구 침산동 213-1
ok,대구 북구 침산동 336-27
ok,대구 북구 산격동 1285
ok,대구 북구 산격동 1559
ok,대구 북구 침산동 1751
ok,대구 북구 침산동 123-1
ok,대구 북구 동천동 913-3
ok,대구 북구 구암동 771-2
ok,대구 북구 금호동 807
ok,대구 북구 노원동3가 730
ok,대구 북구 복현동 산 19-21
ok,대구 북구 침산동 486-3
ok,대구 북구 서변동 1755
ok,대구 북구 산격동 1409
ok,대구 북구 침산동 509-4
ok,대구 북구 침산동 509-4
ok,대구 북구 침산동 509-5
ok,대구 북구 검단동 1302-8
ok,대구 북구 검단동 1238
ok,대구 북구 검단동 1393-106
ok,대구 북구 노원동3가 212
ok,대구 북구 복현동 376-26
ok,대구 북구 노원동3가 62-6
ok,대구 북구 침산동 332-15
ok,대구 북구 고성동1가 80
ok,대구 북구 고성동1가 85-13
ok,대구 북구 고성동1가 49
ok,대구 북구 고성동1가 47
ok,대구 북구 노원동3가 783-3
ok,대구 북구 노원동2가 309-19
ok,대구 북구 태전동 1197
ok,대구 북구 침산동 118-22
ok,대구 북구 침산로 228
ok,대구 북구 서변동 1747
ok,대구 북구 침산동 509-11
ok,대구 북구 읍내동 443-7
ok,대구 북구 동천동 969-1
ok,대구 북구 읍내동 1343-6
ok,대구 북구 구암동 771-4
ok,대구 북구 사수동 898
ok,대구 북구 사수동 908
ok,대구 북구 태전동 253-3
ok,대구 북구 구암동 831-7
ok,대구 북구 고성동1가 50-213
ok,대구 북구 산격동 160-2
ok,대구 북구 침산동 595-2
ok,대구 북구 침산동 118-7
ok,대구 북구 칠성동2가 370-5
ok,대구 북구 침산동 498-4
ok,대구 북구 침산동 308-1
ok,대구 북구 침산동 307-1
ok,대구 북구 태전동 1076-24
ok,대구 북구 대천로 123
ok,대구 북구 동천동 953-3
ok,대구 북구 칠성동1가 275-4
ok,대구 북구 침산동 430-17
ok,대구 북구 서변동 1738-9
ok,대구 북구 검단동 1237
ok,대구 북구 칠성동2가 302-106
ok,대구 북구 산격동 1308-18
ok,대구 북구 산격동 1397-29
ok,대구 북구 노원동3가 62-6
ok,대구 북구 노원동3가 60
ok,대구 북구 노원동3가 60
ok,대구 북구 노원동3가 3-22
ok,대구 북구 산격동 1400-20
ok,대구 북구 읍내동 455
ok,대구 북구 읍내동 468-8
ok,대구 북구 읍내동 1448
ok,대구 북구 읍내동 1448
ok,대구 북구 읍내동 1236-60
ok,대구 북구 동천동 971-5
ok,대구 북구 동천동 872
ok,대구 북구 동천동 876-4
ok,대구 북구 관음동 1369-1
ok,대구 북구 구암동 824-12
ok,대구 북구 구암동 824-13
ok,대구 북구 관음동 1297-5
ok,대구 북구 구암동 788-2
ok,대구 북구 구암동 835-1
ok,대구 북구 구암동 804
ok,대구 북구 동천동 888
ok,대구 북구 관음동 1371
ok,대구 북구 구암동 785-2
ok,대구 북구 학정동 953
ok,대구 북구 칠곡중앙대로 446
ok,대구 북구 산격동 793-53
ok,대구 북구 서변동 1727
ok,대구 북구 산격동 1433-9
ok,대구 북구 대현동 527
ok,대구 북구 대현동 527-1
ok,대구 북구 대현동 535
ok,대구 북구 동천동 915
ok,대구 북구 태전동 380-2
ok,대구 북구 동천동 922-8
ok,대구 북구 읍내동 1240-91
ok,대구 북구 산격동 538-1
ok,대구 북구 대현동 227-4
ok,대구 북구 산격동 1397-15
ok,대구 북구 노원동1가 371
ok,대구 북구 태전동 976
ok,대구 북구 관음동 1335-17
ok,대구 북구 동천동 934-5
ok,대구 북구 관음동 1338-10
ok,대구 북구 매천동 327
ok,대구 북구 매천동 739
ok,대구 북구 구암동 839
ok,대구 북구 태전동 981
ok,대구 북구 읍내동 341-4
ok,대구 북구 동천동 968
ok,대구 북구 동천동 897-5
ok,대구 북구 복현동 539-111
ok,대구 북구 서변동 1751-8
ok,대구 북구 침산동 486-2
ok,대구 북구 서변동 1740-3
ok,대구 북구 산격동 610-1
ok,대구 북구 검단동 1289
ok,대구 북구 서변동 745
ok,대구 북구 칠성동2가 575-16
ok,대구 북구 칠성동2가 575-12
ok,대구 북구 복현동 190-1
ok,대구 북구 침산동 117-0
ok,대구 북구 침산동 22-111
ok,대구 북구 태전동 947
ok,대구 북구 학정동 892-13
ok,대구 북구 국우동 1099-1
ok,대구 북구 태전동 1066
ok,대구 북구 구암동 688-7
ok,대구 북구 구암동 415-2
ok,대구 북구 산격동 1440-9
ok,대구 북구 학정동 60-1
ok,대구 북구 침산동 156-60
ok,대구 북구 팔달동 100-2
ok,대구 북구 학정동 533-4
ok,대구 북구 산격동 1573
ok,대구 북구 고성동3가 5-141
ok,대구 북구 동천로 135-5
ok,대구 북구 산격동 1668
ok,대구 북구 칠성동2가 725
ok,대구 북구 노원동3가 726-5
ok,대구 북구 노원동3가 688
ok,대구 북구 칠성동2가 725
ok,대구 북구 침산동 247-2
ok,대구 북구 구암동 780-7
ok,대구 북구 태전동 1008-9
ok,대구 북구 읍내동 427-2
ok,대구 북구 동천동 947-16
ok,대구 북구 구암동 800-11
ok,대구 북구 구암동 688-1
ok,대구 북구 구암동 836-1
ok,대구 북구 구암서로 70
ok,대구 북구 동변동 680
ok,대구 북구 읍내동 425
ok,대구 북구 읍내동 1306
ok,대구 북구 동천동 950-1
ok,대구 북구 원대로 71
ok,대구 북구 서변동 1749
ok,대구 북구 침산동 479-38
ok,대구 북구 산격동 1441-1
ok,대구 북구 산격동 1237-19
ok,대구 북구 칠성동2가 85-3
ok,대구 북구 산격동 1574
ok,대구 북구 읍내동 438-19
ok,대구 북구 읍내동 397-5
ok,대구 북구 읍내동 430-2
ok,대구 북구 동천동 910-4
ok,대구 북구 읍내동 1350-1
ok,대구 북구 구암동 789-2
ok,대구 북구 관음동 1340-32
ok,대구 북구 관음동 1340-12
ok,대구 북구 관음동 1340-11
ok,대구 북구 구암동 산 68
ok,대구 북구 검단북로 201
ok,대구 북구 학정동 533-4
ok,대구 북구 팔달동 54-1
ok,대구 북구 동천동 970-1
ok,대구 북구 동천동 969-1
ok,대구 북구 서변동 1149-2
ok,대구 북구 사수동 963
ok,대구 북구 태전동 1020
ok,대구 북구 동변동 694
ok,대구 북구 동천동 903-1
ok,대구 북구 구암동 824-12
ok,대구 북구 서변동 1759-11
ok,대구 북구 복현동 265
ok,대구 북구 침산동 402
ok,대구 북구 서변동 1740-5
ok,대구 북구 서변동 954
ok,대구 북구 칠성동2가 302-142
ok,대구 북구 검단동 838-4
ok,대구 북구 고성동2가 31-4
ok,대구 북구 노원동3가 1227
ok,대구 북구 침산동 260-8
ok,대구 북구 산격동 1498-12
ok,대구 북구 동천동 873
ok,대구 북구 칠성동1가 26-24
ok,대구 북구 칠성동1가 48-57
ok,대구 북구 사수동 1007
ok,대구 북구 고성동1가 113-20
ok,대구 북구 고성로 168
ok,대구 북구 노원동3가 783-3
ok,대구 북구 노원동3가 870-8
ok,대구 북구 노원동2가 234-4
ok,대구 북구 침산동 336-11
ok,대구 북구 노원동2가 226
ok,대구 북구 산격동 1216-24
ok,대구 북구 침산동 369-2
ok,대구 북구 노원동3가 783-5
ok,대구 북구 노원동3가 778-1
ok,대구 북구 서변동 1766
ok,대구 북구 침산동 400-4
ok,대구 북구 서변동 1745
ok,대구 북구 동천동 965
ok,대구 북구 읍내동 1314-3
ok,대구 북구 태전동 216-4
ok,대구 북구 학정동 985
ok,대구 북구 읍내동 469-4
ok,대구 북구 국우동 1101-21
ok,대구 북구 동천동 911-5
ok,대구 북구 읍내동 430-5
ok,대구 북구 읍내동 304
ok,대구 북구 구암동 688-6
ok,대구 북구 구암동 688-1
ok,대구 북구 금호동 802
ok,대구 북구 고성북로 3
ok,대구 북구 구암동 839
ok,대구 북구 매천동 산 1
ok,대구 북구 서변동 1731
ok,대구 북구 침산동 994-2
ok,대구 북구 산격동 1498-3
ok,대구 북구 칠성동2가 302-348
ok,대구 북구 칠성동2가 736
ok,대구 북구 연경동 943
ok,대구 북구 서변동 1746-5
ok,대구 북구 산격동 1416-57
ok,대구 북구 침산동 133-1
ok,대구 북구 읍내동 1300-9
ok,대구 북구 노곡동 281-2
ok,대구 북구 구암동 784-1
ok,대구 북구 구암동 781
ok,대구 북구 구암동 824-9
ok,대구 북구 학정동 953-17
ok,대구 북구 관음동 1260-12
ok,대구 북구 관음동 1323-16
ok,대구 북구 태전동 1113
ok,대구 북구 동천동 872
ok,대구 북구 침산동 117-3
ok,대구 북구 침산동 3-5
ok,대구 북구 노원동3가 778-1
ok,대구 북구 서변동 1742-8
ok,대구 북구 칠성동2가 369-8
ok,대구 북구 서변동 1769
ok,대구 북구 복현동 210-1
ok,대구 북구 고성동3가 102-1
ok,대구 북구 구암동 707-1
ok,대구 북구 사수동 457
ok,대구 북구 칠성동2가 161
ok,대구 북구 산격동 1441-2
ok,대구 북구 검단동 1287-3
ok,대구 북구 칠성동2가 302-134
ok,대구 북구 칠성동2가 736
ok,대구 북구 서변동 1741
ok,대구 북구 복현동 214-1
ok,대구 북구 읍내동 1343-7
ok,대구 북구 구암동 789-1
ok,대구 북구 구암동 836-1
ok,대구 북구 산격동 산 63-7
ok,대구 북구 읍내동 441-10
ok,대구 북구 읍내동 468-3
ok,대구 북구 검단동 1302-5
ok,대구 북구 태전동 993-13
ok,대구 북구 구암동 788-2
ok,대구 북구 구암동 663-9
ok,대구 북구 태전동 1114
ok,대구 북구 태전동 1112
ok,대구 북구 서변동 974-4
ok,대구 북구 서변동 1728-8
ok,대구 북구 노원동2가 246
ok,대구 북구 동변동 492
ok,대구 북구 산격동 1739
ok,대구 북구 복현동 479-3
ok,대구 북구 대현동 153-18
ok,대구 북구 국우동 1099-3
ok,대구 북구 태전동 420-5
ok,대구 북구 태전동 1190
ok,대구 북구 팔거천동로 8
ok,대구 북구 칠성동1가 276-108
ok,대구 북구 노원동3가 776-1
ok,대구 북구 서변동 1735
ok,대구 북구 침산동 447-22
ok,대구 북구 서변동 1749
ok,대구 북구 동천동 962-4
ok,대구 북구 태전동 940
ok,대구 북구 동천동 898-1
ok,대구 북구 서변동 1742-8
ok,대구 북구 복현동 234-11
ok,대구 북구 대현남로 25
ok,대구 북구 매천동 618-1
ok,대구 북구 동북로 219
ok,대구 북구 팔달동 52
ok,대구 북구 관음동 1345
ok,대구 북구 국우동 1085
ok,대구 북구 국우동 1099-1
ok,대구 북구 침산동 269-10
ok,대구 북구 검단동 1292
ok,대구 북구 복현동 465-1
ok,대구 북구 서변동 1779-2
ok,대구 북구 산격동 1291-19
ok,대구 북구 침산동 286-1
ok,대구 북구 검단동 1288
ok,대구 북구 침산동 252-2
ok,대구 북구 산격동 1411-67
ok,대구 북구 침산동 7-3
ok,대구 북구 동암로 76
ok,대구 북구 팔달동 129-6
ok,대구 북구 관음동 1257-17
ok,대구 북구 구암동 767-1
ok,대구 북구 학정동 964
ok,대구 북구 구암동 648
ok,대구 북구 대현동 333-16
ok,대구 북구 서변동 1759
ok,대구 북구 서변동 954
ok,대구 북구 산격동 1444-1
ok,대구 북구 서변동 1489-14
ok,대구 북구 칠성동2가 83-1
ok,대구 북구 연경동 961
ok,대구 북구 칠성동2가 302-108
ok,대구 북구 산격동 1270
ok,대구 북구 동천동 930-2
ok,대구 북구 연경동 1037-2
ok,대구 북구 산격동 1620
ok,대구 북구 산격동 495-70
ok,대구 북구 칠성동2가 723
ok,대구 북구 산격동 1291-19
ok,대구 북구 산격동 1620
ok,대구 북구 구암동 674-9
ok,대구 북구 노곡동 281-2
ok,대구 북구 태전동 678
ok,대구 북구 관음동 1243-1
ok,대구 북구 동천동 912-1
ok,대구 북구 구암동 655-4
ok,대구 북구 학정동 944
ok,대구 북구 매천동 312
ok,대구 북구 구암동 815-14
ok,대구 북구 대현동 166-12
ok,대구 북구 산격동 1477-9
ok,대구 북구 노원동1가 222-3
ok,대구 북구 산격동 610
ok,대구 북구 대현동 190-3
ok,대구 북구 복현동 206-3
ok,대구 북구 복현동 447
ok,대구 북구 연경동 1019
ok,대구 북구 칠성동2가 42-11
ok,대구 북구 칠성동2가 125-7
ok,대구 북구 복현로 50
ok,대구 북구 칠곡중앙대로 207
ok,대구 북구 노원동3가 60
ok,대구 북구 칠성동2가 2-12
ok,대구 북구 산격동 1288-1
ok,대구 북구 칠성동1가 276-179
ok,대구 북구 연경동 1008
ok,대구 북구 연경동 1048
ok,대구 북구 연경동 928
ok,대구 북구 읍내동471-1
ok,대구 북구 태전동216-4
ok,대구 북구 사수동971
ok,대구 북구 사수동971
ok,대구 북구 읍내동1357-16
ok,대구 북구 읍내동1336-9
ok,대구 북구 태전동940-9
ok,대구 북구 태전동1033-6
ok,대구 북구 태전동993
ok,대구 북구 읍내동1337
ok,대구 북구 학정동963-4
ok,대구 북구 국우동1099-1
ok,대구 북구 동천동890
ok,대구 북구 구암동769-4
ok,대구 북구 국우동1123-3
ok,대구 북구 학정동926-5
ok,대구 북구 관음동1347
ok,대구 북구 읍내동426-18
ok,대구 북구 산격동1416-57
ok,대구 북구 검단동1128-3
ok,대구 북구 노원동1가 529
ok,대구 북구 오봉로 39
ok,대구 북구 침산동 999-2
ok,대구 북구 동천동 963-3
ok,대구 북구 연경동988
ok,대구 북구 연경동1048
ok,대구 북구 산격동1312-5
ok,대구 북구 연경동1061-7
ok,대구 북구 연경동1055-7
ok,대구 북구 서변동1795
ok,대구 북구 칠성동2가302-105
ok,대구 북구 침산동509-5
ok,대구 북구 서변동1793
ok,대구 북구 서변동1734-5
ok,대구 북구 서변동1741-7
ok,대구 북구 침산동265-28
ok,대구 북구 노원동3가1227
ok,대구 북구 노원동3가1227
ok,대구 북구 노원동3가1227
ok,대구 북구 연경동941
ok,대구 북구 산격동172-1
ok,대구 북구 고성동3가5-128
ok,대구 북구 복현동376-3
ok,대구 북구 복현동190-1
ok,대구 북구 침산동118-7
ok,대구 북구 검단동887-54
ok,대구 북구 대현동166-12
ok,대구 북구 침산동317-5
ok,대구 북구 침산동295-12
ok,대구 북구 칠성동2가302-139
ok,대구 북구 서변동1755-8
ok,대구 북구 칠성동2가733
ok,대구 북구 대현동23-2
ok,대구 북구 노원동2가341
ok,대구 북구 학정동 943-2
ok,대구 북구 태전동 936
ok,대구 북구 읍내동 454-19
ok,대구 북구 읍내동 1206-4
ok,대구 북구 침산동 456-7
ok,대구 북구 태전동 945-10
ok,대구 북구 읍내동 1345
ok,대구 북구 태전동 695-1
ok,대구 북구 팔달동 52-3
ok,대구 북구 구암동 685
ok,대구 북구 팔달동 73-4
ok,대구 북구 침산동 22-42
ok,대구 북구 칠성로 13
ok,대구 북구 대학로 45
ok,대구 북구 연경동1067
ok,대구 북구 서변동1795
ok,대구 북구 서변동954
ok,대구 북구 서변동1736-6
ok,대구 북구 서변동1733-10
ok,대구 북구 산격동1288-1
ok,대구 북구 복현동539-10
ok,대구 북구 침산동1755
ok,대구 북구 칠성동2가302-106
ok,대구 북구 노원동3가783-5
ok,대구 북구 노원동3가778-1
ok,대구 북구 노원동3가782
ok,대구 북구 노원동2가338
ok,대구 북구 검단동887-54
ok,대구 북구 노원동3가783-5
ok,대구 북구 노원동3가870-8
ok,대구 북구 노원동3가782
ok,대구 북구 고성동3가6-27
ok,대구 북구 노원동3가236-3
ok,대구 북구 복현동335-1
ok,대구 북구 복현동76-1
ok,대구 북구 산격동1225-3
ok,대구 북구 대현동340-2
ok,대구 북구 칠성동2가723
ok,대구 북구 대현동155-1
ok,대구 북구 칠성동2가723
ok,대구 북구 노원동3가783-3
ok,대구 북구 칠성동2가302-139
ok,대구 북구 복현동465-5
ok,대구 북구 서변동1795
ok,대구 북구 칠성동2가723
ok,대구 북구 서변동1787-10
ok,대구 북구 동변동694
ok,대구 북구 검단동1128-3
ok,대구 북구 산격동478-26
ok,대구 북구 검단동1128-2
ok,대구 북구 읍내동 438-36
ok,대구 북구 읍내동 397-4
ok,대구 북구 태전동 216-15
ok,대구 북구 동천동 894-2
ok,대구 북구 팔달동 186-13
ok,대구 북구 동천동 904-1
ok,대구 북구 동천동 893
ok,대구 북구 관음동 1318
ok,대구 북구 구암동 825-8
ok,대구 북구 대천로 132
ok,대구 북구 산격동 1444-1
ok,대구 북구 서변동 1733-10
ok,대구 북구 서변동 1775
ok,대구 북구 서변동 1787-9
ok,대구 북구 노원동2가 210-2
ok,대구 북구 침산동 101-1
ok,대구 북구 산격동 1676
ok,대구 북구 산격동 1579-2
ok,대구 북구 산격동 485-14
ok,대구 북구 연경동 941
ok,대구 북구 읍내동 480-2
ok,대구 북구 태전동 936-1
ok,대구 북구 구암동 789-2
ok,대구 북구 읍내동 479-3
ok,대구 북구 태전동 695
ok,대구 북구 관음동 605-37
ok,대구 북구 구암동 677
ok,대구 북구 구리로 55
ok,대구 북구 노원로 129
ok,대구 북구 칠성남로 222
ok,대구 북구 산격동 1715
ok,대구 북구 동변동 699-1
ok,대구 북구 산격동 1207-43
ok,대구 북구 동변동 499-1
ok,대구 북구 산격동 1269-74
ok,대구 북구 구암동 655-3
ok,대구 북구 구암동 695-9
ok,대구 북구 구암동 665-3
ok,대구 북구 사수동 793
ok,대구 북구 읍내동 1366-3
ok,대구 북구 읍내동 1234-190
ok,대구 북구 구암동 793-8
ok,대구 북구 관음동 1260-13
ok,대구 북구 연경동 988
ok,대구 북구 서변동 1762-9
ok,대구 북구 노원동3가 56-57
ok,대구 북구 서변동 1727-12
ok,대구 북구 산격동 489-7
ok,대구 북구 대현동 527
ok,대구 북구 산격동 1449-3
ok,대구 북구 구암동 703-1
ok,대구 북구 태전동 409-7
ok,대구 북구 서변동 1736-6
ok,대구 북구 침산동 486-3
ok,대구 북구 노원동3가 458-3
ok,대구 북구 침산동 623-1
ok,대구 북구 산격동 1761
ok,대구 북구 서변동 1746-4
ok,대구 북구 대현동 155-1
ok,대구 북구 읍내동 397-10
ok,대구 북구 팔달동 50-1
ok,대구 북구 읍내동 619-6
ok,대구 북구 경대로 21
ok,대구 북구 산격동 1730
ok,대구 북구 칠성동2가 181-11
ok,대구 북구 산격동 1433-14
ok,대구 북구 산격동 1225-3
ok,대구 북구 연경동 1040-3
ok,대구 북구 연경동 955
ok,대구 북구 연경동 1073
ok,대구 북구 연경동 1055-7
ok,대구 북구 서변동 1728
ok,대구 북구 태전동 216-4
ok,대구 북구 구암동 785-3
ok,대구 북구 학정동 927-2
ok,대구 북구 동천동 892-2
ok,대구 북구 태전동 255-50
ok,대구 북구 대현동 277-2
ok,대구 북구 칠성동2가 400-98
ok,대구 북구 태전동 1068-5
ok,대구 북구 침산동 13-77
ok,대구 북구 복현동 201-3
ok,대구 북구 침산동 363-2
ok,대구 북구 칠성동2가 482-1
ok,대구 북구 산격동 500-130
ok,대구 북구 침산동 118-16
ok,대구 북구 침산동 1663-322
ok,대구 북구 침산동 3-2
ok,대구 북구 연경동 1061-7
ok,대구 북구 침산동 332-13
ok,대구 북구 칠성동2가 85-3
ok,대구 북구 칠성동2가 361-1
ok,대구 북구 침산동 299-4
ok,대구 북구 칠성동2가 1-2
ok,대구 북구 관음동 1230-5
ok,대구 북구 읍내동 471-8
ok,대구 북구 태전동 1023-10
ok,대구 북구 태전동 951
ok,대구 북구 태전동 947
ok,대구 북구 읍내동 1166-3
ok,대구 북구 관음동 1233-1
ok,대구 북구 태전동 1074-26
ok,대구 북구 읍내동 1300-13
ok,대구 북구 태전동 198
ok,대구 북구 침산남로 90
ok,대구 북구 침산동 763
ok,대구 북구 산격동 1576
ok,대구 북구 침산동 295-3
ok,대구 북구 산격동 1288-2
ok,대구 북구 침산동 216-5
ok,대구 북구 복현동 225
ok,대구 북구 복현동 456-4
ok,대구 북구 침산동 116-2
ok,대구 북구 침산동 623-2
ok,대구 북구 산격동 1181-1
ok,대구 북구 서변동 1755-8
ok,대구 북구 동천동 932-15
ok,대구 북구 태전동 216-2
ok,대구 북구 태전동 1063-19
ok,대구 북구 구암동 807
ok,대구 북구 칠성로 84
ok,대구 북구 산격동 1745
ok,대구 북구 공항로 84
ok,대구 북구 서변동 1769
ok,대구 북구 침산동 117-3
ok,대구 북구 고성동3가 145
ok,대구 북구 산격동 1441-7
ok,대구 북구 산격동 1499-2
ok,대구 북구 복현동 447
ok,대구 북구 태전동 215-2
ok,대구 북구 동천동 955-1
ok,대구 북구 읍내동 1236-69
ok,대구 북구 태전동 329-2
ok,대구 북구 구암동 722-3
ok,대구 북구 관음동 1257-11
ok,대구 북구 사수동 965
ok,대구 북구 동천동 960-2
ok,대구 북구 검단동 679-8
ok,대구 북구 산격동 749-16
ok,대구 북구 침산동 368-1
ok,대구 북구 구암동 664-7
ok,대구 북구 구암동 733-1
ok,대구 북구 구암동 790-3
ok,대구 북구 관음동 1372
ok,대구 북구 관음동 1249-5
ok,대구 북구 구암동 797-1
ok,대구 북구 구암동 670
ok,대구 북구 노곡동 282-1
ok,대구 북구 노곡동 282-1
ok,대구 북구 산격동 1410-24
ok,대구 북구 침산동 138-25
ok,대구 북구 침산동 306-4
ok,대구 북구 연경동 929
ok,대구 북구 연경동 1025-3
ok,대구 북구 고성동3가 145
ok,대구 북구 노원동2가 298-1
ok,대구 북구 칠성동2가 42-10
ok,대구 북구 구암동 785
ok,대구 북구 읍내동 397-18
ok,대구 북구 태전동 1110
ok,대구 북구 태전동 114
ok,대구 북구 매천동 753
ok,대구 북구 태전동 442
ok,대구 북구 노원동1가 207-2
ok,대구 북구 노원동1가 10-9
ok,대구 북구 산격동 산 120-8
ok,대구 북구 노원동3가 870-8
ok,대구 북구 산격동 1416-45
ok,대구 북구 산격동 산120-8
ok,대구 북구 산격동 1416-58
ok,대구 북구 내곡로 140
ok,대구 북구 구암동 25
ok,대구 북구 오봉로 156-9
ok,대구 북구 산격로10길 열린수학교실
ok,대구 북구 구암동 808
ok,대구 북구 읍내동 430
ok,대구 북구 구암동 789-1
ok,대구 북구 연경동 949-1
ok,대구 북구 연경동 1047-1
ok,대구 북구 동천동 942-10
ok,대구 북구 산격동 1621
ok,대구 북구 검단동 887-130
ok,대구 북구 복현동 29-2
ok,대구 북구 연경동 987
ok,대구 북구 침산동 363-6
ok,대구 북구 관음동 1382
ok,대구 북구 검단동 838-124
ok,대구 북구 노원동3가 74-28
ok,대구 북구 연경동 1072
ok,대구 북구 침산동 308-5
ok,대구 북구 태전동 1037-5
ok,대구 북구 관음동 1241-22
ok,대구 북구 구암동 765-2
ok,대구 북구 읍내동 678-15
ok,대구 북구 태전동 1029-10
ok,대구 북구 관음동 1383-4
ok,대구 북구 읍내동 1314
ok,대구 북구 동천동 932-4
ok,대구 북구 동천동 954-6
ok,대구 북구 읍내동 397-22
ok,대구 북구 사수동 812
ok,대구 북구 산격동 500-1
ok,대구 북구 침산동 22-43
ok,대구 북구 검단동 887-148
ok,대구 북구 침산동 123-2
ok,대구 북구 노원동2가 226
ok,대구 북구 서변동 1792
ok,대구 북구 산격동 1400-3
ok,대구 북구 침산동 295-3
ok,대구 북구 구암로 391
ok,대구 북구 검단공단로 73
ok,대구 북구 호암로 1
ok,대구 북구 서변동 124 까치주유소
ok,대구 북구 칠성동2가 302-207
ok,대구 북구 침산동 326-5
ok,대구 북구 칠성동1가 162-9
ok,대구 북구 침산동 480-29
ok,대구 북구 산격동 산 17-7
ok,대구 북구 침산동 977-2
ok,대구 북구 침산동 116-23
ok,대구 북구 산격동 산 10-2
ok,대구 북구 산격동 485-27
ok,대구 북구 침산동 1755
ok,대구 북구 읍내동 1285-9
ok,대구 북구 관음동 1286-8
ok,대구 북구 태전동 997
ok,대구 북구 태전동 940-6
ok,대구 북구 읍내동 356-2
ok,대구 북구 구암동 787-1
ok,대구 북구 구암동 787-3
ok,대구 북구 동천동 890-2
ok,대구 북구 태전동 산 45-4
ok,대구 북구 침산로 153
ok,대구 북구 학정동 978
ok,대구 북구 태전동 산 84
ok,대구 북구 침산동 479-38
ok,대구 북구 침산동 476-45
ok,대구 북구 연경동 949-1
ok,대구 북구 칠성동1가 225-2
ok,대구 북구 산격동 1670
ok,대구 북구 연경동 1051
ok,대구 북구 산격동 1416-14
ok,대구 북구 읍내동 1300-12
ok,대구 북구 동천동 878-4
ok,대구 북구 읍내동 1343-4
ok,대구 북구 태전동 254
ok,대구 북구 동천동 961
ok,대구 북구 동천동 899-4
ok,대구 북구 동천동 932-2
ok,대구 북구 동천동 935-9
ok,대구 북구 칠성동1가 168-5
ok,대구 북구 복현동 160-7
ok,대구 북구 태전동 969-27
ok,대구 북구 관음동 1260
ok,대구 북구 태전동 256-1
ok,대구 북구 태전동 961-11
ok,대구 북구 동변동 694
ok,대구 북구 서변동 1728-1
ok,대구 북구 산격동 1449-2
ok,대구 북구 노원동1가 141
ok,대구 북구 침산동 562-2
ok,대구 북구 산격동 1449-4
ok,대구 북구 칠성동2가 302-142
ok,대구 북구 침산동 325-8
ok,대구 북구 서변동 1745-1
ok,대구 북구 읍내동 433-2
ok,대구 북구 학정동 971-4
ok,대구 북구 팔달동 186-32
ok,대구 북구 관음동 1383-4
ok,대구 북구 국우동 595-1
ok,대구 북구 태전동 1023-19
ok,대구 북구 구암동 693-2
ok,대구 북구 읍내동 660-18
ok,대구 북구 학정동 951-5
ok,대구 북구 학정동 926-8
ok,대구 북구 태전동 1068
ok,대구 북구 태전동 1218
ok,대구 북구 복현동 219-1
ok,대구 북구 침산동 473-5
ok,대구 북구 침산동 1663-353
ok,대구 북구 침산동 514-7
ok,대구 북구 침산동 561
ok,대구 북구 산격동 1207-21
ok,대구 북구 산격동 1207-43
ok,대구 북구 산격동 1207-59
ok,대구 북구 태전로 95
ok,대구 북구 노원동3가 1043
ok,대구 북구 칠성동2가 302-107
ok,대구 북구 연경동 614
ok,대구 북구 연경동 956-1
ok,대구 북구 연경동 956
ok,대구 북구 복현동 427-10
ok,대구 북구 복현동 427-6
ok,대구 북구 연경동 937
ok,대구 북구 읍내동1234-44
ok,대구 북구 읍내동1285-10
ok,대구 북구 읍내동680-10
ok,대구 북구 구암동768
ok,대구 북구 관음동1378-5
ok,대구 북구 구암동 766
ok,대구 북구 태전동 253-12
ok,대구 북구 사수동 907
ok,대구 북구 관음동 1243-20
ok,대구 북구 매천동 369
ok,대구 북구 노원로 240
ok,대구 북구 검단동 1393-106
ok,대구 북구 매천동 674
ok,대구 북구 태전동 963
ok,대구 북구 노원로 37-4
ok,대구 북구 대현동 258-1
ok,대구 북구 학정동 953
ok,대구 북구 고성동3가 102-25
ok,대구 북구 동변동 446-3
ok,대구 북구 검단동 838-71
ok,대구 북구 고성동3가 56-1
ok,대구 북구 산격동 1738
ok,대구 북구 산격동 1445-3
ok,대구 북구 산격동 1291-22
ok,대구 북구 침산동 507-9
ok,대구 북구 노원동3가 41-12
ok,대구 북구 노원동3가 22-3
ok,대구 북구 읍내동 820-14
ok,대구 북구 동천동 901-1
ok,대구 북구 태전동 1239
ok,대구 북구 관음동 151-5
ok,대구 북구 태전동 1029-10
ok,대구 북구 산격동 1756
ok,대구 북구 읍내동 1234-169
ok,대구 북구 태전동 584
ok,대구 북구 읍내동 1338
ok,대구 북구 침산동 510-11
ok,대구 북구 서변동 1000-4
ok,대구 북구 서변동 1733-9
ok,대구 북구 서변동 1770
ok,대구 북구 대현동 403-1
ok,대구 북구 대현동 417-1
ok,대구 북구 산격동 1218-8
ok,대구 북구 산격동 1220-9
ok,대구 북구 복현동 703
ok,대구 북구 연경동 817-1
ok,대구 북구 구암동 837
ok,대구 북구 매전로 56
ok,대구 북구 학정동 373-2
ok,대구 북구 학정동 469-9
ok,대구 북구 학정동로 7
ok,대구 북구 복현동 402-1
ok,대구 북구 산격동 1341-1
ok,대구 북구 산격동 1393
ok,대구 북구 대현동 242-2
ok,대구 북구 동천동901-2
ok,대구 북구 동천동895-1
ok,대구 북구 동천동895-1
ok,대구 북구 동천동897-1
ok,대구 북구 학정동936-4
ok,대구 북구 태전동215-2
ok,대구 북구 동천동954-4
ok,대구 북구 읍내동1123-4
ok,대구 북구 관음동1243-2
ok,대구 북구 관음동1300
ok,대구 북구 동천동953-1
ok,대구 북구 관음동1360-25
ok,대구 북구 읍내동1303
ok,대구 북구 태전동595-2
ok,대구 북구 구암동668-6
ok,대구 북구 태전동532-6
ok,대구 북구 구암동688-2
ok,대구 북구 산격동 1232-16
ok,대구 북구 태전동 215-2
ok,대구 북구 학정동 282-13
ok,대구 북구 읍내동 309-2
ok,대구 북구 구암동 787-3
ok,대구 북구 동천동 969-9
ok,대구 북구 태전동 252-10
ok,대구 북구 산격동1416-49
ok,대구 북구 침산동233-3
ok,대구 북구 연경동923
ok,대구 북구 노원동1가141
ok,대구 북구 동변동678
ok,대구 북구 고성동2가 112-3
ok,대구 북구 노원동3가1227
ok,대구 북구 연경동949-1
ok,대구 북구 침산동123-3
ok,대구 북구 노원동3가 1227
ok,대구 북구 복현동434-5
ok,대구 북구 산격동485-19
ok,대구 북구 복현동539-110
ok,대구 북구 산격동1400-3
ok,대구 북구 산격동1399-11
ok,대구 북구 연경동987
ok,대구 북구 관음동 1237-11
ok,대구 북구 구암동 658-9
ok,대구 북구 동북로 244
ok,대구 북구 경대로 123
ok,대구 북구 서변동1780
ok,대구 북구 복현동539-149
ok,대구 북구 서변동1730
ok,대구 북구 복현동376-26
ok,대구 북구 칠성동2가369-1
ok,대구 북구 노원동1가141
ok,대구 북구 산격동1232-16
ok,대구 북구 노원동3가778-1
ok,대구 북구 노원동3가458-3
ok,대구 북구 연경동961
ok,대구 북구 연경동614
ok,대구 북구 산격동1781
ok,대구 북구 산격동1497
ok,대구 북구 침산동295-3
ok,대구 북구 노원동3가870-8
ok,대구 북구 칠성동2가369-1
ok,대구 북구 서변동1792
ok,대구 북구 동변동662
ok,대구 북구 서변동1148-1
ok,대구 북구 산격동1416-44
ok,대구 북구 산격동1498-56
ok,대구 북구 학정동 989-12
ok,대구 북구 태전동 1111
ok,대구 북구 태전동 964-12
ok,대구 북구 사수동 840
ok,대구 북구 태전동 1082
ok,대구 북구 구암동 787-2
ok,대구 북구 태전동 999
ok,대구 북구 태전동 215-2
ok,대구 북구 오봉로 22
ok,대구 북구 연경동 1074
ok,대구 북구 고성동2가 112-3
ok,대구 북구 관음동 1371
ok,대구 북구 구암동 649
ok,대구 북구 태전동 151-9
ok,대구 북구 연경동 1056
ok,대구 북구 연경동 1067
ok,대구 북구 서변동 1783-6
ok,대구 북구 산격동 1430-47
ok,대구 북구 고성동3가 25-1
ok,대구 북구 서변동 1742
ok,대구 북구 관음동 1243
ok,대구 북구 읍내동 666
ok,대구 북구 태전동 973-3
ok,대구 북구 동천동 954-1
ok,대구 북구 연암로 134
ok,대구 북구 태전동 890-1
ok,대구 북구 대현동 512
ok,대구 북구 구암로 12
ok,대구 북구 대현동 392-22
ok,대구 북구 복현동 368-1
ok,대구 북구 고성동3가 147
ok,대구 북구 산격동 478-44
ok,대구 북구 국우동 1079-1
ok,대구 북구 태전동 1025-9
ok,대구 북구 읍내동 1305
ok,대구 북구 읍내동 794
ok,대구 북구 사수동 822
ok,대구 북구 칠성동1가 156-3
ok,대구 북구 산격동 1497
ok,대구 북구 침산동 641-3
ok,대구 북구 칠성동2가 488-3
ok,대구 북구 산격동 1627
ok,대구 북구 읍내동 1343-2
ok,대구 북구 태전동 1108
ok,대구 북구 구암동 676-10
ok,대구 북구 읍내동 1361
ok,대구 북구 구암동 789-2
ok,대구 북구 칠성동1가 288
ok,대구 북구 서변동 1749
ok,대구 북구 태전동 964-11
ok,대구 북구 구암동 788-2
ok,대구 북구 관음동 1386-16
ok,대구 북구 학정동 989-5
ok,대구 북구 국우동 1080
ok,대구 북구 침산동 133-11
ok,대구 북구 침산동 133-3
ok,대구 북구 산격동 1574
ok,대구 북구 침산동 400-1
ok,대구 북구 산격동 1574
ok,대구 북구 침산동 400-1
ok,대구 북구 연경동 956-1
ok,대구 북구 산격동 1727
ok,대구 북구 산격동 1737
ok,대구 북구 연경동 1057
ok,대구 북구 동천동 872
ok,대구 북구 관음동 1386-15
ok,대구 북구 동천동 890
ok,대구 북구 금호동 806
ok,대구 북구 금호동 798
ok,대구 북구 매천동 752
ok,대구 북구 국우동 1104
ok,대구 북구 태전동 996
ok,대구 북구 동천동 963-4
ok,대구 북구 구암동 826-4
ok,대구 북구 침산동 1750
ok,대구 북구 침산동 385-8
ok,대구 북구 산격동 1319-1
ok,대구 북구 침산동 118-16
ok,대구 북구 복현동 79-5
ok,대구 북구 연경동 994
ok,대구 북구 연경동 960-3
ok,대구 북구 동천동 875
ok,대구 북구 팔달동 186-31
ok,대구 북구 학정동 980
ok,대구 북구 학정동 976-2
ok,대구 북구 금호동 806
ok,대구 북구 구암동 800-11
ok,대구 북구 국우동 1121
ok,대구 북구 동변동 678
ok,대구 북구 서변동 136-4
ok,대구 북구 태전동 908-3
ok,대구 북구 태전로 21
ok,대구 북구 읍내동 산 78-5
ok,대구 북구 칠곡중앙대로 18
ok,대구 북구 동변동 690-10
ok,대구 북구 산격동 1421-8
ok,대구 북구 노원동3가 1154
ok,대구 북구 침산동 360-3
ok,대구 북구 연경동 976
ok,대구 북구 복현동 573-7
ok,대구 북구 복현동 539-123
ok,대구 북구 연경동 1037-2
ok,대구 북구 태전동 1103
ok,대구 북구 구암동 775-6
ok,대구 북구 동천동 909-1
ok,대구 북구 태전동 1145
ok,대구 북구 매천동 453-2
ok,대구 북구 태전동 1023-14
ok,대구 북구 읍내동 973-3
ok,대구 북구 동천동 953-1
ok,대구 북구 학정동 940-2
ok,대구 북구 구암동 692-15
ok,대구 북구 칠성동2가 731
ok,대구 북구 서변동 1506
ok,대구 북구 서변동 1541-1
ok,대구 북구 서변동 1630-154
ok,대구 북구 검단동 1128-3
ok,대구 북구 산격동 1502-6
ok,대구 북구 칠성동1가 160-4
ok,대구 북구 침산동 1762
ok,대구 북구 노원동2가 339-3
ok,대구 북구 동천동 954-2
ok,대구 북구 동천동 952-5
ok,대구 북구 관음동 1386-16
ok,대구 북구 읍내동 1343-10
ok,대구 북구 관음동 1386-16
ok,대구 북구 국우동 1103
ok,대구 북구 동천동 915
ok,대구 북구 태전동 1218
ok,대구 북구 태전동 999-2
ok,대구 북구 동천동 887
ok,대구 북구 칠성동2가 409-482
ok,대구 북구 칠성남로 101
ok,대구 북구 대현동 394-3
ok,대구 북구 침산동 1026-1
ok,대구 북구 칠성동2가 302-155
ok,대구 북구 침산동 1761
ok,대구 북구 산격동 172-5
ok,대구 북구 연경동 952-4
ok,대구 북구 서변동 1766
ok,대구 북구 서변동 1738-19
ok,대구 북구 동천동 895-5
ok,대구 북구 동천동 899-3
ok,대구 북구 구암동 844
ok,대구 북구 태전동 691
ok,대구 북구 사수동 944
ok,대구 북구 구암동 663-10
ok,대구 북구 학정로 77
ok,대구 북구 대현동 112-41
ok,대구 북구 산격동 1430-25
ok,대구 북구 칠성동2가 310-1
ok,대구 북구 칠성동2가 310-1
ok,대구 북구 칠성동2가 407-44
ok,대구 북구 동변동 679
ok,대구 북구 산격동 1399-11
ok,대구 북구 연경동 1059-7
ok,대구 북구 구암동 788
ok,대구 북구 읍내동 309
ok,대구 북구 관음동 1332-3
ok,대구 북구 산격동 1393-11
ok,대구 북구 동변동 684
ok,대구 북구 산격동 1231-4
ok,대구 북구 읍내동 1341
ok,대구 북구 구암동 769-1
ok,대구 북구 구암동 770-1
ok,대구 북구 읍내동 1343
ok,대구 북구 구암동 780-12
ok,대구 북구 태전동 986-21
ok,대구 북구 읍내동 880-4
ok,대구 북구 사수동 837
ok,대구 북구 관음동 1345-10
ok,대구 북구 동천동 911-7
ok,대구 북구 태전동 999
ok,대구 북구 칠성동1가 191-3
ok,대구 북구 고성동1가 46-3
ok,대구 북구 복현동 260
ok,대구 북구 연경동 993
ok,대구 북구 칠성동1가 144-14
ok,대구 북구 산격동 산 71-12
ok,대구 북구 연경동 939
ok,대구 북구 복현동 266-9
ok,대구 북구 산격동 14-45
ok,대구 북구 연경동 943
ok,대구 북구 노원동3가 252-2
ok,대구 북구 3공단로 49-6
ok,대구 북구 3공단로 66
ok,대구 북구 서변동 1630-155
ok,대구 북구 노원동3가 522
ok,대구 북구 고성동3가 37-5
ok,대구 북구 침산동 123-3
ok,대구 북구 침산동 999
ok,대구 북구 대현동 393-10
ok,대구 북구 읍내동 434-3
ok,대구 북구 동천동 889-1
ok,대구 북구 태전동 1035-5
ok,대구 북구 구암동 665-5
ok,대구 북구 구암동 788
ok,대구 북구 연경동 949-1
ok,대구 북구 국우동 1080
ok,대구 북구 노원동3가 60-1
ok,대구 북구 침산동 3-14
ok,대구 북구 침산동 118-18
ok,대구 북구 칠성동2가 302-354
ok,대구 북구 침산동 531-17
ok,대구 북구 복현동 439-7
ok,대구 북구 복현동 434-5
ok,대구 북구 노원동3가 779-12
ok,대구 북구 복현동 539-123
ok,대구 북구 산격동 1428-17
ok,대구 북구 산격동 1424-48
ok,대구 북구 동천동 890-1
ok,대구 북구 사수동 855
ok,대구 북구 연경동 1025-4
ok,대구 북구 학정동 953-5
ok,대구 북구 복현동 38-71
ok,대구 북구 학정동 953-22
ok,대구 북구 구암동 652
ok,대구 북구 구암동 767-2
ok,대구 북구 동변동 679
ok,대구 북구 연경동 988
ok,대구 북구 산격동 478-1
ok,대구 북구 산격동 478-1
ok,대구 북구 복현동 539-150
ok,대구 북구 동천동 906-1
ok,대구 북구 금호동 736
ok,대구 북구 학정동 968
ok,대구 북구 태전동 1217
ok,대구 북구 태전동 1068
ok,대구 북구 태전동 959-10
ok,대구 북구 읍내동 652-4
ok,대구 북구 구암동 801
ok,대구 북구 구암동 800-19
ok,대구 북구 구암동 791-8
ok,대구 북구 태전동 959-10
ok,대구 북구 동변로 60
ok,대구 북구 읍내동 421-6
ok,대구 북구 읍내동 1209-7
ok,대구 북구 노원동3가 775
ok,대구 북구 산격동 1442-4
ok,대구 북구 칠성동2가 409-104
ok,대구 북구 산격동 1670
ok,대구 북구 읍내동 1343-7
ok,대구 북구 동천동 911-7
ok,대구 북구 국우동 1110
ok,대구 북구 관음동 1273-6
ok,대구 북구 읍내동 1343-6
ok,대구 북구 검단동 887-8
ok,대구 북구 서변동 1756-7
ok,대구 북구 침산동 363-2
ok,대구 북구 침산동 285-5
ok,대구 북구 산격동 1409
ok,대구 북구 서변동 1735
ok,대구 북구 칠성동2가 527-13
ok,대구 북구 노원동3가 384
ok,대구 북구 침산동 620-7
ok,대구 북구 노원동3가 56-58
ok,대구 북구 서변동 747-1
ok,대구 북구 연경동 952-2
ok,대구 북구 읍내동 1285-10
ok,대구 북구 동천동 951-2
ok,대구 북구 매천동 753
ok,대구 북구 구암동 654
ok,대구 북구 서변동 1753
ok,대구 북구 복현동 463-14
ok,대구 북구 노원동3가 236-3
ok,대구 북구 연경동 994
ok,대구 북구 연경동 1057-8
ok,대구 북구 읍내동 312-2
ok,대구 북구 매천동 735
ok,대구 북구 태전동 1082
ok,대구 북구 동천동 896-4
ok,대구 북구 학남로 78
ok,대구 북구 복현동 473-5
ok,대구 북구 서변동 1784-7
ok,대구 북구 침산동 133-77
ok,대구 북구 동천동 872-1
ok,대구 북구 고성동3가 145
ok,대구 북구 서변동 1763
ok,대구 북구 연경동 954
ok,대구 북구 연경동 929
ok,대구 북구 연경동 987
ok,대구 북구 태전동 472-22
ok,대구 북구 국우동 1105-1
ok,대구 북구 동천동 911-6
ok,대구 북구 태전동 971-2
ok,대구 북구 노원로 14
ok,대구 북구 산격동 1497-45
ok,대구 북구 구암동 761-2
ok,대구 북구 관음로 50
ok,대구 북구 산격동 1643
ok,대구 북구 노원동3가 681-1
ok,대구 북구 검단동 1128-3
ok,대구 북구 대현동 521
ok,대구 북구 침산동 498-4
ok,대구 북구 관음동 809-2
ok,대구 북구 동천동 910-1
ok,대구 북구 구암동 765-2
ok,대구 북구 태전동 1203
ok,대구 북구 태전동 1199
ok,대구 북구 산격동 172-5
ok,대구 북구 호암로 51
ok,대구 북구 칠성동1가 278-46
ok,대구 북구 침산동 299-10
ok,대구 북구 구암동 688
ok,대구 북구 3공단로 42
ok,대구 북구 동북로 150
ok,대구 북구 침산동 295-23
ok,대구 북구 동변동 674-10
ok,대구 북구 노원동3가 234-10
ok,대구 북구 산격동 1259-10
ok,대구 북구 동천동 951-3
ok,대구 북구 동천동 902-1
ok,대구 북구 동천동 908-7
ok,대구 북구 태전동 749-22
ok,대구 북구 동천동 905-3
ok,대구 북구 구암동 789-2
ok,대구 북구 산격동 1424-39
ok,대구 북구 침산동 542-8
ok,대구 북구 읍내동 454-20
ok,대구 북구 읍내동 438-3
ok,대구 북구 침산동 123-1
ok,대구 북구 침산동 609-2
ok,대구 북구 침산동 645-18
ok,대구 북구 침산동 433-3
ok,대구 북구 대현동 25-51
ok,대구 북구 침산동 543-5
ok,대구 북구 동천동 892-1
ok,대구 북구 매천동 306
ok,대구 북구 관음동 1386-15
ok,대구 북구 고성동3가 13-1
ok,대구 북구 태전동 964-11
ok,대구 북구 매천동 296-1
ok,대구 북구 사수동 825
ok,대구 북구 구암동 694
ok,대구 북구 매천로 63
ok,대구 북구 대천로 132
ok,대구 북구 노원동3가 458-3
ok,대구 북구 산격동 1665
ok,대구 북구 노원동3가 235
ok,대구 북구 동천동 907-2
ok,대구 북구 태전동 1008-9
ok,대구 북구 동변동 산 78
ok,대구 북구 동변동 692-11
ok,대구 북구 동변동 676-11
ok,대구 북구 고성동3가 147
ok,대구 북구 침산동 1754
ok,대구 북구 침산동 1753
ok,대구 북구 관음동 809-7
ok,대구 북구 태전동 1152
ok,대구 북구 태전동 198
ok,대구 북구 노원로 156-1
ok,대구 북구 침산동 645-9
ok,대구 북구 산격동 1399
ok,대구 북구 산격동 산 71-1
ok,대구 북구 침산동 641-3
ok,대구 북구 관음동 1230-3
ok,대구 북구 읍내동 1234-139
ok,대구 북구 태전동 253-1
ok,대구 북구 태전동 51-6
ok,대구 북구 국우동 1085
ok,대구 북구 국우동 1080-1
ok,대구 북구 구암동 769-3
ok,대구 북구 침산동 447-26
ok,대구 북구 태전동 991
ok,대구 북구 칠성동1가 275-10
ok,대구 북구 침산동 117-10
ok,대구 북구 복현동 450-13
ok,대구 북구 산격동 산 18-2
ok,대구 북구 산격동 1393-14
ok,대구 북구 칠성동2가 574-25
ok,대구 북구 칠성동2가 575-13
ok,대구 북구 산격동 1700
ok,대구 북구 노원동3가 1051-2
ok,대구 북구 산격동 1237-19
ok,대구 북구 산격동 1705
ok,대구 북구 침산동 327-5
ok,대구 북구 연경동 952
ok,대구 북구 태전동 1103
ok,대구 북구 매천동 687
ok,대구 북구 읍내동 1236-85
ok,대구 북구 읍내동 251-7
ok,대구 북구 구암로 93
ok,대구 북구 칠성동1가 294
ok,대구 북구 노원동2가 1
ok,대구 북구 칠성동2가 731
ok,대구 북구 읍내동 1359-3
ok,대구 북구 관음동 1249-6
ok,대구 북구 관음동 208
ok,대구 북구 사수동 784
ok,대구 북구 금호동 609-3
ok,대구 북구 금호동 802
ok,대구 북구 매천동 540-7
ok,대구 북구 읍내동 1278-4
ok,대구 북구 산격동 1667
ok,대구 북구 산격동 1667
ok,대구 북구 연경동 994
ok,대구 북구 구암동 800-18
ok,대구 북구 서변동 897
ok,대구 북구 침산동 133-40
ok,대구 북구 침산동 309-27
ok,대구 북구 복현동 627-2
ok,대구 북구 침산동 508-3
ok,대구 북구 침산동 269-10
ok,대구 북구 대현동 24-2
ok,대구 북구 태전동 254-32
ok,대구 북구 매천동 751
ok,대구 북구 관음동 1364-11
ok,대구 북구 금호동 798
ok,대구 북구 산격동 1407-16
ok,대구 북구 고성동3가 103
ok,대구 북구 침산동 15-7
ok,대구 북구 대현동 270-2
ok,대구 북구 산격동 1409-11
ok,대구 북구 읍내동 1300-6
ok,대구 북구 태전동 959-11
ok,대구 북구 태전동 344-1
ok,대구 북구 태전동 344-1
ok,대구 북구 칠성동1가 287
ok,대구 북구 노원동1가 18-4
ok,대구 북구 학정동 451-6
ok,대구 북구 학정동 474-12
ok,대구 북구 대현로 34
ok,대구 북구 칠곡중앙대로 299
ok,대구 북구 복현동 146-13
ok,대구 북구 검단동 1303-1
ok,대구 북구 서변동 1741
ok,대구 북구 서변동 940-1
ok,대구 북구 침산동 118-26
ok,대구 북구 서변동 1762-7
ok,대구 북구 산격동 1712
ok,대구 북구 산격동 1775
ok,대구 북구 서변동 1758-8
ok,대구 북구 서변동 1774
ok,대구 북구 침산동 317-2
ok,대구 북구 침산동 456-7
ok,대구 북구 태전동 1037
ok,대구 북구 태전동 986-12
ok,대구 북구 동천동 907-1
ok,대구 북구 읍내동 967-1
ok,대구 북구 태전동 58-1
ok,대구 북구 읍내동 794-2
ok,대구 북구 대현동 431-5
ok,대구 북구 관음동 1383-2
ok,대구 북구 구암동 648
ok,대구 북구 칠곡중앙대로 262
ok,대구 북구 침산동 123-1
ok,대구 북구 침산동 645-16
ok,대구 북구 침산동 514-8
ok,대구 북구 침산동 507-7
ok,대구 북구 산격동 1201-14
ok,대구 북구 고성동3가 23
ok,대구 북구 태전동 961-18
ok,대구 북구 태전동 549-3
ok,대구 북구 태전동 369-2
ok,대구 북구 내곡로 49
ok,대구 북구 엑스코로 10
ok,대구 북구 연경동 1036
ok,대구 북구 연경동 971
ok,대구 북구 침산동 368-1
ok,대구 북구 침산동 327-5
ok,대구 북구 칠성동2가 728
ok,대구 북구 호암로 1
ok,대구 북구 산격동 1669
ok,대구 북구 산격동 1581
ok,대구 북구 산격동 1597
ok,대구 북구 산격동 1671
ok,대구 북구 산격동 1637
ok,대구 북구 산격동 1578
ok,대구 북구 연경동 1037-2
ok,대구 북구 팔달동 74-3
ok,대구 북구 태전동976
ok,대구 북구 관음동1386-16
ok,대구 북구 구암동673
ok,대구 북구 구암동780-10
ok,대구 북구 학정동967-10
ok,대구 북구 구암동768
ok,대구 북구 금호동 609-26
ok,대구 북구 산격동 1326-11
ok,대구 북구 산격동 1399-3
ok,대구 북구 산격동 1397-44
ok,대구 북구 연경동 962-3
ok,대구 북구 검단동 936-49
ok,대구 북구 산격동 1676
ok,대구 북구 산격동 1676
ok,대구 북구 산격동 1339
ok,대구 북구 연경동 970
ok,대구 북구 연경동 923
ok,대구 북구 태전동945-10
ok,대구 북구 사수동855
ok,대구 북구 동천동906-4
ok,대구 북구 사수동908
ok,대구 북구 관음동1386-16
ok,대구 북구 관음동809-2
ok,대구 북구 구암동766
ok,대구 북구 동천동906-4
ok,대구 북구 동천동913
ok,대구 북구 동천동935-9
ok,대구 북구 동천동959-2
ok,대구 북구 동천동959-2
ok,대구 북구 산격동 1640
ok,대구 북구 서변동 1754
ok,대구 북구 서변동 1753-2
ok,대구 북구 산격동 1277-13
ok,대구 북구 노원동1가 371
ok,대구 북구 검단동 1128-3
ok,대구 북구 읍내동 1234-189
ok,대구 북구 학정동 941-9
ok,대구 북구 읍내동 1234-123
ok,대구 북구 동천동 914
ok,대구 북구 국우동 1123-3
ok,대구 북구 침산동507-10
ok,대구 북구 칠성동1가276-108
ok,대구 북구 복현동155
ok,대구 북구 연경동945
ok,대구 북구 서변동897
ok,대구 북구 산격동487-2
ok,대구 북구 침산동456-7
ok,대구 북구 연경동1037-2
ok,대구 북구 침산동514-5
ok,대구 북구 칠성동1가195
ok,대구 북구 산격동1277-6
ok,대구 북구 침산동217-3
ok,대구 북구 산격동478-26
ok,대구 북구 연경동931
ok,대구 북구 대현동25-51
ok,대구 북구 읍내동 1234-82
ok,대구 북구 읍내동 1366-3
ok,대구 북구 학정동 927-2
ok,대구 북구 관음동 1369
ok,대구 북구 호국로 807
ok,대구 북구 연암로 119
ok,대구 북구 노원동3가252-1
ok,대구 북구 동변동681
ok,대구 북구 산격동1408-36
ok,대구 북구 복현동694
ok,대구 북구 서변동1752
ok,대구 북구 연경동943
ok,대구 북구 서변동1743
ok,대구 북구 산격동1499-2
ok,대구 북구 서변동1721
ok,대구 북구 칠성동2가 302-93
ok,대구 북구 서변동 1737
ok,대구 북구 대현동 109-13
ok,대구 북구 침산동 123-3
ok,대구 북구 노원동1가 280
ok,대구 북구 연경동 952-3
ok,대구 북구 노원동3가 235
ok,대구 북구 산격동 1422-41
ok,대구 북구 서변동 1743
ok,대구 북구 서변동 1771
ok,대구 북구 동천동 960-2
ok,대구 북구 태전동256-1
ok,대구 북구 동천동970-1
ok,대구 북구 동천동904-1
ok,대구 북구 태전동1119
ok,대구 북구 매천동693
ok,대구 북구 태전동1215
ok,대구 북구 매천동718
ok,대구 북구 태전동1144
ok,대구 북구 국우동1080-1
ok,대구 북구 읍내동473-1
ok,대구 북구 구암동688-2
ok,대구 북구 구암동653-4
ok,대구 북구 침산동1757
ok,대구 북구 학정동 987
